FIPS,Inflows,County Name,State FIPS Code,State Name
06037,158722,LOS ANGELES,06,CALIFORNIA
04013,126086,MARICOPA,04,ARIZONA
06065,115246,RIVERSIDE,06,CALIFORNIA
48201,98680,HARRIS,48,TEXAS
06071,98385,SAN BERNARDINO,06,CALIFORNIA
06073,93641,SAN DIEGO,06,CALIFORNIA
17031,93229,COOK,17,ILLINOIS
06059,89676,ORANGE,06,CALIFORNIA
32003,87588,CLARK,32,NEVADA
12011,79004,BROWARD,12,FLORIDA
36061,78277,NEW YORK,36,NEW YORK
48113,77897,DALLAS,48,TEXAS
48439,66467,TARRANT,48,TEXAS
12095,65121,ORANGE,12,FLORIDA
53033,64118,KING,53,WASHINGTON
51059,62558,FAIRFAX,51,VIRGINIA
36081,60098,QUEENS,36,NEW YORK
12099,59115,PALM BEACH,12,FLORIDA
12057,57228,HILLSBOROUGH,12,FLORIDA
36047,56729,KINGS,36,NEW YORK
06001,55699,ALAMEDA,06,CALIFORNIA
13121,54785,FULTON,13,GEORGIA
25017,52958,MIDDLESEX,25,MASSACHUSETTS
06067,51223,SACRAMENTO,06,CALIFORNIA
48029,50545,BEXAR,48,TEXAS
17043,50137,DU PAGE,17,ILLINOIS
48085,49627,COLLIN,48,TEXAS
06085,49487,SANTA CLARA,06,CALIFORNIA
12086,47300,MIAMI-DADE,12,FLORIDA
13135,46435,GWINNETT,13,GEORGIA
13089,45516,DE KALB,13,GEORGIA
27053,43559,HENNEPIN,27,MINNESOTA
26125,43427,OAKLAND,26,MICHIGAN
48453,42490,TRAVIS,48,TEXAS
06013,42407,CONTRA COSTA,06,CALIFORNIA
24033,41247,PRINCE GEORGE'S,24,MARYLAND
13067,40401,COBB,13,GEORGIA
36005,39476,BRONX,36,NEW YORK
24005,38971,BALTIMORE,24,MARYLAND
37119,38687,MECKLENBURG,37,NORTH CAROLINA
36059,38660,NASSAU,36,NEW YORK
08031,38564,DENVER,08,COLORADO
29189,38380,ST LOUIS,29,MISSOURI
24031,38172,MONTGOMERY,24,MARYLAND
08005,37922,ARAPAHOE,08,COLORADO
48121,37552,DENTON,48,TEXAS
12031,37184,DUVAL,12,FLORIDA
39049,36859,FRANKLIN,39,OHIO
17197,36698,WILL,17,ILLINOIS
12103,36253,PINELLAS,12,FLORIDA
36103,35341,SUFFOLK,36,NEW YORK
48157,35106,FORT BEND,48,TEXAS
37183,34917,WAKE,37,NORTH CAROLINA
26163,34673,WAYNE,26,MICHIGAN
34023,34510,MIDDLESEX,34,NEW JERSEY
51153,33382,PRINCE WILLIAM,51,VIRGINIA
06075,33327,SAN FRANCISCO,06,CALIFORNIA
53053,31277,PIERCE,53,WASHINGTON
25025,31147,SUFFOLK,25,MASSACHUSETTS
18097,31129,MARION,18,INDIANA
34003,30802,BERGEN,34,NEW JERSEY
06081,30648,SAN MATEO,06,CALIFORNIA
06077,30176,SAN JOAQUIN,06,CALIFORNIA
12071,29614,LEE,12,FLORIDA
12101,29392,PASCO,12,FLORIDA
25021,28906,NORFOLK,25,MASSACHUSETTS
41051,28193,MULTNOMAH,41,OREGON
17097,28025,LAKE,17,ILLINOIS
08001,27997,ADAMS,08,COLORADO
04019,27960,PIMA,04,ARIZONA
53061,27804,SNOHOMISH,53,WASHINGTON
51810,27750,VIRGINIA BEACH,51,VIRGINIA
12117,27660,SEMINOLE,12,FLORIDA
08059,27595,JEFFERSON,08,COLORADO
11001,27561,"WASHINGTON, DC",11,DISTRICT OF COLUMBIA
15003,27367,HONOLULU,15,HAWAII
49035,26691,SALT LAKE,49,UTAH
08041,26030,EL PASO,08,COLORADO
47037,25836,DAVIDSON,47,TENNESSEE
36119,25826,WESTCHESTER,36,NEW YORK
26099,25627,MACOMB,26,MICHIGAN
24003,25579,ANNE ARUNDEL,24,MARYLAND
51107,24942,LOUDOUN,51,VIRGINIA
34017,24657,HUDSON,34,NEW JERSEY
34013,24549,ESSEX,34,NEW JERSEY
06111,24156,VENTURA,06,CALIFORNIA
40109,23961,OKLAHOMA,40,OKLAHOMA
17089,23897,KANE,17,ILLINOIS
41067,23742,WASHINGTON,41,OREGON
20091,23460,JOHNSON,20,KANSAS
35001,23382,BERNALILLO,35,NEW MEXICO
09001,23316,FAIRFIELD,09,CONNECTICUT
06029,23227,KERN,06,CALIFORNIA
39035,23030,CUYAHOGA,39,OHIO
47157,22742,SHELBY,47,TENNESSEE
12009,22698,BREVARD,12,FLORIDA
48491,22476,WILLIAMSON,48,TEXAS
48339,22462,MONTGOMERY,48,TEXAS
12127,22435,VOLUSIA,12,FLORIDA
06061,22399,PLACER,06,CALIFORNIA
27123,22078,RAMSEY,27,MINNESOTA
12105,22001,POLK,12,FLORIDA
24510,21741,BALTIMORE CITY,24,MARYLAND
41005,21564,CLACKAMAS,41,OREGON
09009,21470,NEW HAVEN,09,CONNECTICUT
34039,21096,UNION,34,NEW JERSEY
13063,21020,CLAYTON,13,GEORGIA
25009,20870,ESSEX,25,MASSACHUSETTS
12097,20613,OSCEOLA,12,FLORIDA
08035,20609,DOUGLAS,08,COLORADO
29095,20419,JACKSON,29,MISSOURI
09003,20261,HARTFORD,09,CONNECTICUT
27037,20193,DAKOTA,27,MINNESOTA
34029,20126,OCEAN,34,NEW JERSEY
34027,20074,MORRIS,34,NEW JERSEY
34025,19919,MONMOUTH,34,NEW JERSEY
25027,19763,WORCESTER,25,MASSACHUSETTS
39061,19638,HAMILTON,39,OHIO
55079,19524,MILWAUKEE,55,WISCONSIN
12115,19175,SARASOTA,12,FLORIDA
40143,18729,TULSA,40,OKLAHOMA
34005,18716,BURLINGTON,34,NEW JERSEY
12069,18491,LAKE,12,FLORIDA
37051,18434,CUMBERLAND,37,NORTH CAROLINA
06019,18295,FRESNO,06,CALIFORNIA
53011,18167,CLARK,53,WASHINGTON
51013,17760,ARLINGTON,51,VIRGINIA
06095,17607,SOLANO,06,CALIFORNIA
51087,17409,HENRICO,51,VIRGINIA
06099,17351,STANISLAUS,06,CALIFORNIA
22051,17252,JEFFERSON,22,LOUISIANA
27003,17108,ANOKA,27,MINNESOTA
34007,17096,CAMDEN,34,NEW JERSEY
21111,16939,JEFFERSON,21,KENTUCKY
01073,16856,JEFFERSON,01,ALABAMA
34035,16629,SOMERSET,34,NEW JERSEY
48027,16341,BELL,48,TEXAS
29510,16227,ST LOUIS,29,MISSOURI
12111,16207,ST LUCIE,12,FLORIDA
32031,16182,WASHOE,32,NEVADA
31055,16169,DOUGLAS,31,NEBRASKA
25023,16046,PLYMOUTH,25,MASSACHUSETTS
45019,15987,CHARLESTON,45,SOUTH CAROLINA
12081,15889,MANATEE,12,FLORIDA
49049,15756,UTAH,49,UTAH
29183,15634,ST CHARLES,29,MISSOURI
51041,15481,CHESTERFIELD,51,VIRGINIA
37081,15454,GUILFORD,37,NORTH CAROLINA
18057,15440,HAMILTON,18,INDIANA
33011,15388,HILLSBOROUGH,33,NEW HAMPSHIRE
24027,15235,HOWARD,24,MARYLAND
48141,15200,EL PASO,48,TEXAS
12083,15184,MARION,12,FLORIDA
55025,15179,DANE,55,WISCONSIN
34031,15078,PASSAIC,34,NEW JERSEY
55133,14925,WAUKESHA,55,WISCONSIN
49011,14827,DAVIS,49,UTAH
26081,14821,KENT,26,MICHIGAN
51710,14804,NORFOLK,51,VIRGINIA
12021,14798,COLLIER,12,FLORIDA
16001,14759,ADA,16,IDAHO
45079,14584,RICHLAND,45,SOUTH CAROLINA
18089,14425,LAKE,18,INDIANA
44007,14337,PROVIDENCE,44,RHODE ISLAND
26161,14276,WASHTENAW,26,MICHIGAN
39113,14260,MONTGOMERY,39,OHIO
51550,14219,CHESAPEAKE,51,VIRGINIA
33015,14113,ROCKINGHAM,33,NEW HAMPSHIRE
25005,14021,BRISTOL,25,MASSACHUSETTS
39153,13992,SUMMIT,39,OHIO
39041,13969,DELAWARE,39,OHIO
51510,13947,ALEXANDRIA,51,VIRGINIA
17111,13891,MCHENRY,17,ILLINOIS
36071,13814,ORANGE,36,NEW YORK
36085,13776,RICHMOND,36,NEW YORK
39017,13744,BUTLER,39,OHIO
10003,13738,NEW CASTLE,10,DELAWARE
53063,13440,SPOKANE,53,WASHINGTON
45045,13405,GREENVILLE,45,SOUTH CAROLINA
34021,13103,MERCER,34,NEW JERSEY
12033,13102,ESCAMBIA,12,FLORIDA
08013,12977,BOULDER,08,COLORADO
13151,12825,HENRY,13,GEORGIA
47093,12782,KNOX,47,TENNESSEE
22071,12704,ORLEANS,22,LOUISIANA
48039,12632,BRAZORIA,48,TEXAS
12019,12450,CLAY,12,FLORIDA
04021,12373,PINAL,04,ARIZONA
05119,12244,PULASKI,05,ARKANSAS
36055,12216,MONROE,36,NEW YORK
48167,12078,GALVESTON,48,TEXAS
48215,12039,HIDALGO,48,TEXAS
13057,12014,CHEROKEE,13,GEORGIA
51700,11991,NEWPORT NEWS,51,VIRGINIA
40027,11950,CLEVELAND,40,OKLAHOMA
19153,11801,POLK,19,IOWA
22033,11774,EAST BATON ROUGE,22,LOUISIANA
36029,11769,ERIE,36,NEW YORK
37133,11740,ONSLOW,37,NORTH CAROLINA
12109,11551,ST JOHNS,12,FLORIDA
06097,11432,SONOMA,06,CALIFORNIA
39165,11362,WARREN,39,OHIO
37063,11334,DURHAM,37,NORTH CAROLINA
47149,11126,RUTHERFORD,47,TENNESSEE
36001,11042,ALBANY,36,NEW YORK
06053,10961,MONTEREY,06,CALIFORNIA
06083,10955,SANTA BARBARA,06,CALIFORNIA
02020,10937,ANCHORAGE,02,ALASKA
27163,10922,WASHINGTON,27,MINNESOTA
24021,10764,FREDERICK,24,MARYLAND
34015,10691,GLOUCESTER,34,NEW JERSEY
08123,10657,WELD,08,COLORADO
29047,10588,CLAY,29,MISSOURI
53067,10508,THURSTON,53,WASHINGTON
08069,10494,LARIMER,08,COLORADO
53035,10357,KITSAP,53,WASHINGTON
45063,10341,LEXINGTON,45,SOUTH CAROLINA
29077,10263,GREENE,29,MISSOURI
41047,10257,MARION,41,OREGON
24025,10124,HARFORD,24,MARYLAND
37067,10124,FORSYTH,37,NORTH CAROLINA
26065,10123,INGHAM,26,MICHIGAN
01117,9981,SHELBY,01,ALABAMA
51760,9955,RICHMOND CITY,51,VIRGINIA
48355,9886,NUECES,48,TEXAS
06107,9854,TULARE,06,CALIFORNIA
04015,9767,MOHAVE,04,ARIZONA
51179,9726,STAFFORD,51,VIRGINIA
12073,9716,LEON,12,FLORIDA
23005,9681,CUMBERLAND,23,MAINE
20173,9666,SEDGWICK,20,KANSAS
12091,9575,OKALOOSA,12,FLORIDA
41039,9507,LANE,41,OREGON
26049,9465,GENESEE,26,MICHIGAN
06047,9431,MERCED,06,CALIFORNIA
06017,9375,EL DORADO,06,CALIFORNIA
22103,9307,ST TAMMANY,22,LOUISIANA
39025,9281,CLERMONT,39,OHIO
12053,9266,HERNANDO,12,FLORIDA
45015,9244,BERKELEY,45,SOUTH CAROLINA
04025,9182,YAVAPAI,04,ARIZONA
31153,9096,SARPY,31,NEBRASKA
45051,9075,HORRY,45,SOUTH CAROLINA
13117,9015,FORSYTH,13,GEORGIA
05007,9013,BENTON,05,ARKANSAS
12001,8933,ALACHUA,12,FLORIDA
36091,8906,SARATOGA,36,NEW YORK
13215,8843,MUSCOGEE,13,GEORGIA
29099,8811,JEFFERSON,29,MISSOURI
36027,8788,DUTCHESS,36,NEW YORK
21067,8784,FAYETTE,21,KENTUCKY
34001,8736,ATLANTIC,34,NEW JERSEY
06113,8635,YOLO,06,CALIFORNIA
13097,8610,DOUGLAS,13,GEORGIA
18063,8608,HENDRICKS,18,INDIANA
09011,8589,NEW LONDON,09,CONNECTICUT
26139,8567,OTTAWA,26,MICHIGAN
28033,8547,DE SOTO,28,MISSISSIPPI
36067,8509,ONONDAGA,36,NEW YORK
16027,8483,CANYON,16,IDAHO
13051,8353,CHATHAM,13,GEORGIA
12015,8340,CHARLOTTE,12,FLORIDA
37129,8335,NEW HANOVER,37,NORTH CAROLINA
39095,8301,LUCAS,39,OHIO
06041,8274,MARIN,06,CALIFORNIA
47187,8255,WILLIAMSON,47,TENNESSEE
49057,8251,WEBER,49,UTAH
39045,8244,FAIRFIELD,39,OHIO
06079,8205,SAN LUIS OBISPO,06,CALIFORNIA
39093,8125,LORAIN,39,OHIO
28049,8102,HINDS,28,MISSISSIPPI
51650,8093,HAMPTON,51,VIRGINIA
12085,8052,MARTIN,12,FLORIDA
12113,7955,SANTA ROSA,12,FLORIDA
39057,7849,GREENE,39,OHIO
48303,7849,LUBBOCK,48,TEXAS
01089,7841,MADISON,01,ALABAMA
28047,7836,HARRISON,28,MISSISSIPPI
26093,7821,LIVINGSTON,26,MICHIGAN
48251,7819,JOHNSON,48,TEXAS
27139,7809,SCOTT,27,MINNESOTA
17163,7796,ST CLAIR,17,ILLINOIS
24017,7727,CHARLES,24,MARYLAND
51177,7721,SPOTSYLVANIA,51,VIRGINIA
41017,7682,DESCHUTES,41,OREGON
25013,7678,HAMPDEN,25,MASSACHUSETTS
21015,7615,BOONE,21,KENTUCKY
37025,7606,CABARRUS,37,NORTH CAROLINA
47125,7591,MONTGOMERY,47,TENNESSEE
21117,7559,KENTON,21,KENTUCKY
47065,7508,HAMILTON,47,TENNESSEE
24013,7471,CARROLL,24,MARYLAND
22017,7433,CADDO,22,LOUISIANA
13245,7399,RICHMOND,13,GEORGIA
13223,7325,PAULDING,13,GEORGIA
01101,7237,MONTGOMERY,01,ALABAMA
39151,7170,STARK,39,OHIO
23031,7167,YORK,23,MAINE
37179,7135,UNION,37,NORTH CAROLINA
39103,7127,MEDINA,39,OHIO
36087,7103,ROCKLAND,36,NEW YORK
48061,7047,CAMERON,48,TEXAS
17093,6988,KENDALL,17,ILLINOIS
17119,6957,MADISON,17,ILLINOIS
06087,6893,SANTA CRUZ,06,CALIFORNIA
18081,6883,JOHNSON,18,INDIANA
48139,6877,ELLIS,48,TEXAS
26077,6877,KALAMAZOO,26,MICHIGAN
05143,6856,WASHINGTON,05,ARKANSAS
45091,6839,YORK,45,SOUTH CAROLINA
55087,6807,OUTAGAMIE,55,WISCONSIN
22055,6800,LAFAYETTE,22,LOUISIANA
48209,6762,HAYS,48,TEXAS
37021,6761,BUNCOMBE,37,NORTH CAROLINA
17201,6757,WINNEBAGO,17,ILLINOIS
35043,6674,SANDOVAL,35,NEW MEXICO
25001,6655,BARNSTABLE,25,MASSACHUSETTS
06007,6613,BUTTE,06,CALIFORNIA
35045,6602,SAN JUAN,35,NEW MEXICO
45013,6575,BEAUFORT,45,SOUTH CAROLINA
18003,6527,ALLEN,18,INDIANA
41029,6439,JACKSON,41,OREGON
28121,6432,RANKIN,28,MISSISSIPPI
31109,6422,LANCASTER,31,NEBRASKA
44003,6376,KENT,44,RHODE ISLAND
37101,6371,JOHNSTON,37,NORTH CAROLINA
33013,6361,MERRIMACK,33,NEW HAMPSHIRE
49053,6290,WASHINGTON,49,UTAH
48381,6256,RANDALL,48,TEXAS
48423,6234,SMITH,48,TEXAS
35013,6189,DONA ANA,35,NEW MEXICO
09005,6167,LITCHFIELD,09,CONNECTICUT
13073,6164,COLUMBIA,13,GEORGIA
18127,6159,PORTER,18,INDIANA
13217,6149,NEWTON,13,GEORGIA
53005,6099,BENTON,53,WASHINGTON
48375,6068,POTTER,48,TEXAS
12035,6059,FLAGLER,12,FLORIDA
46099,6036,MINNEHAHA,46,SOUTH DAKOTA
48257,6019,KAUFMAN,48,TEXAS
55009,6004,BROWN,55,WISCONSIN
55059,5970,KENOSHA,55,WISCONSIN
22015,5966,BOSSIER,22,LOUISIANA
27171,5965,WRIGHT,27,MINNESOTA
04027,5934,YUMA,04,ARIZONA
09007,5919,MIDDLESEX,09,CONNECTICUT
06089,5908,SHASTA,06,CALIFORNIA
16055,5906,KOOTENAI,16,IDAHO
39085,5902,LAKE,39,OHIO
53073,5870,WHATCOM,53,WASHINGTON
48367,5855,PARKER,48,TEXAS
04005,5845,COCONINO,04,ARIZONA
34037,5821,SUSSEX,34,NEW JERSEY
37057,5814,DAVIDSON,37,NORTH CAROLINA
01097,5786,MOBILE,01,ALABAMA
12061,5774,INDIAN RIVER,12,FLORIDA
55101,5708,RACINE,55,WISCONSIN
37085,5683,HARNETT,37,NORTH CAROLINA
39133,5657,PORTAGE,39,OHIO
37071,5638,GASTON,37,NORTH CAROLINA
29165,5624,PLATTE,29,MISSOURI
55139,5620,WINNEBAGO,55,WISCONSIN
40017,5598,CANADIAN,40,OKLAHOMA
06039,5595,MADERA,06,CALIFORNIA
48309,5584,MCLENNAN,48,TEXAS
18141,5583,ST JOSEPH,18,INDIANA
48091,5535,COMAL,48,TEXAS
13247,5530,ROCKDALE,13,GEORGIA
51740,5527,PORTSMOUTH,51,VIRGINIA
13113,5522,FAYETTE,13,GEORGIA
37035,5513,CATAWBA,37,NORTH CAROLINA
47165,5503,SUMNER,47,TENNESSEE
12005,5481,BAY,12,FLORIDA
09013,5458,TOLLAND,09,CONNECTICUT
45083,5453,SPARTANBURG,45,SOUTH CAROLINA
13139,5440,HALL,13,GEORGIA
55131,5432,WASHINGTON,55,WISCONSIN
36083,5424,RENSSELAER,36,NEW YORK
01003,5415,BALDWIN,01,ALABAMA
48245,5362,JEFFERSON,48,TEXAS
24043,5348,WASHINGTON,24,MARYLAND
20209,5341,WYANDOTTE,20,KANSAS
10005,5322,SUSSEX,10,DELAWARE
34019,5302,HUNTERDON,34,NEW JERSEY
26045,5273,EATON,26,MICHIGAN
12017,5229,CITRUS,12,FLORIDA
27141,5218,SHERBURNE,27,MINNESOTA
48041,5212,BRAZOS,48,TEXAS
29037,5209,CASS,29,MISSOURI
22063,5195,LIVINGSTON,22,LOUISIANA
13153,5163,HOUSTON,13,GEORGIA
06055,5078,NAPA,06,CALIFORNIA
17037,5069,DE KALB,17,ILLINOIS
45035,5067,DORCHESTER,45,SOUTH CAROLINA
36093,5062,SCHENECTADY,36,NEW YORK
48187,5029,GUADALUPE,48,TEXAS
45007,4992,ANDERSON,45,SOUTH CAROLINA
13077,4978,COWETA,13,GEORGIA
39089,4957,LICKING,39,OHIO
39173,4954,WOOD,39,OHIO
37097,4944,IREDELL,37,NORTH CAROLINA
06031,4933,KINGS,06,CALIFORNIA
25015,4925,HAMPSHIRE,25,MASSACHUSETTS
38017,4923,CASS,38,NORTH DAKOTA
51800,4910,SUFFOLK,51,VIRGINIA
51003,4902,ALBEMARLE,51,VIRGINIA
04003,4895,COCHISE,04,ARIZONA
27145,4875,STEARNS,27,MINNESOTA
34041,4859,WARREN,34,NEW JERSEY
29043,4853,CHRISTIAN,29,MISSOURI
33017,4844,STRAFFORD,33,NEW HAMPSHIRE
27019,4816,CARVER,27,MINNESOTA
19103,4737,JOHNSON,19,IOWA
26005,4734,ALLEGAN,26,MICHIGAN
26115,4708,MONROE,26,MICHIGAN
18039,4699,ELKHART,18,INDIANA
17143,4698,PEORIA,17,ILLINOIS
06025,4683,IMPERIAL,06,CALIFORNIA
04017,4676,NAVAJO,04,ARIZONA
28089,4668,MADISON,28,MISSISSIPPI
17019,4664,CHAMPAIGN,17,ILLINOIS
51161,4644,ROANOKE,51,VIRGINIA
53029,4629,ISLAND,53,WASHINGTON
10001,4626,KENT,10,DELAWARE
37135,4617,ORANGE,37,NORTH CAROLINA
13045,4594,CARROLL,13,GEORGIA
39099,4550,MAHONING,39,OHIO
26147,4548,ST CLAIR,26,MICHIGAN
06057,4539,NEVADA,06,CALIFORNIA
35031,4515,MCKINLEY,35,NEW MEXICO
19113,4508,LINN,19,IOWA
35049,4491,SANTA FE,35,NEW MEXICO
53057,4473,SKAGIT,53,WASHINGTON
48183,4432,GREGG,48,TEXAS
36079,4426,PUTNAM,36,NEW YORK
50007,4414,CHITTENDEN,50,VERMONT
48485,4409,WICHITA,48,TEXAS
54003,4405,BERKELEY,54,WEST VIRGINIA
18157,4398,TIPPECANOE,18,INDIANA
48099,4397,CORYELL,48,TEXAS
18163,4371,VANDERBURGH,18,INDIANA
29019,4371,BOONE,29,MISSOURI
01081,4358,LEE,01,ALABAMA
36111,4353,ULSTER,36,NEW YORK
47189,4338,WILSON,47,TENNESSEE
02090,4333,FAIRBANKS NORTH STAR,02,ALASKA
28059,4273,JACKSON,28,MISSISSIPPI
48397,4252,ROCKWALL,48,TEXAS
51085,4212,HANOVER,51,VIRGINIA
13059,4208,CLARKE,13,GEORGIA
04001,4204,APACHE,04,ARIZONA
13021,4200,BIBB,13,GEORGIA
48329,4172,MIDLAND,48,TEXAS
24015,4166,CECIL,24,MARYLAND
17179,4160,TAZEWELL,17,ILLINOIS
18019,4158,CLARK,18,INDIANA
09015,4149,WINDHAM,09,CONNECTICUT
13013,4148,BARROW,13,GEORGIA
48441,4143,TAYLOR,48,TEXAS
40131,4139,ROGERS,40,OKLAHOMA
06101,4119,SUTTER,06,CALIFORNIA
05045,4101,FAULKNER,05,ARKANSAS
37147,4096,PITT,37,NORTH CAROLINA
13015,4080,BARTOW,13,GEORGIA
24037,4077,ST. MARY'S,24,MARYLAND
32019,4073,LYON,32,NEVADA
17113,4062,MCLEAN,17,ILLINOIS
21029,4062,BULLITT,21,KENTUCKY
41043,4061,LINN,41,OREGON
08077,4057,MESA,08,COLORADO
40031,4054,COMANCHE,40,OKLAHOMA
20103,4047,LEAVENWORTH,20,KANSAS
40145,4042,WAGONER,40,OKLAHOMA
44009,4031,WASHINGTON,44,RHODE ISLAND
51770,3964,ROANOKE (CITY),51,VIRGINIA
19049,3948,DALLAS,19,IOWA
21093,3946,HARDIN,21,KENTUCKY
17167,3927,SANGAMON,17,ILLINOIS
15001,3925,HAWAII,15,HAWAII
53077,3924,YAKIMA,53,WASHINGTON
24009,3921,CALVERT,24,MARYLAND
01125,3917,TUSCALOOSA,01,ALABAMA
37127,3916,NASH,37,NORTH CAROLINA
36063,3910,NIAGARA,36,NEW YORK
22005,3910,ASCENSION,22,LOUISIANA
27109,3903,OLMSTED,27,MINNESOTA
48213,3903,HENDERSON,48,TEXAS
55105,3902,ROCK,55,WISCONSIN
55127,3890,WALWORTH,55,WISCONSIN
13179,3883,LIBERTY,13,GEORGIA
55109,3879,ST CROIX,55,WISCONSIN
51199,3875,YORK,51,VIRGINIA
05131,3871,SEBASTIAN,05,ARKANSAS
48231,3869,HUNT,48,TEXAS
41053,3864,POLK,41,OREGON
21047,3860,CHRISTIAN,21,KENTUCKY
37049,3844,CRAVEN,37,NORTH CAROLINA
22019,3843,CALCASIEU,22,LOUISIANA
18105,3783,MONROE,18,INDIANA
37037,3772,CHATHAM,37,NORTH CAROLINA
45003,3767,AIKEN,45,SOUTH CAROLINA
19163,3762,SCOTT,19,IOWA
39155,3747,TRUMBULL,39,OHIO
51069,3739,FREDERICK,51,VIRGINIA
48021,3737,BASTROP,48,TEXAS
22073,3722,OUACHITA,22,LOUISIANA
36065,3719,ONEIDA,36,NEW YORK
20177,3715,SHAWNEE,20,KANSAS
47163,3715,SULLIVAN,47,TENNESSEE
51061,3708,FAUQUIER,51,VIRGINIA
17007,3703,BOONE,17,ILLINOIS
20045,3690,DOUGLAS,20,KANSAS
08014,3671,BROOMFIELD,08,COLORADO
16019,3641,BONNEVILLE,16,IDAHO
37001,3605,ALAMANCE,37,NORTH CAROLINA
23011,3574,KENNEBEC,23,MAINE
06115,3570,YUBA,06,CALIFORNIA
55089,3569,OZAUKEE,55,WISCONSIN
48291,3525,LIBERTY,48,TEXAS
47047,3519,FAYETTE,47,TENNESSEE
23019,3504,PENOBSCOT,23,MAINE
26145,3498,SAGINAW,26,MICHIGAN
55027,3486,DODGE,55,WISCONSIN
30111,3482,YELLOWSTONE,30,MONTANA
53021,3475,FRANKLIN,53,WASHINGTON
13047,3469,CATOOSA,13,GEORGIA
55055,3467,JEFFERSON,55,WISCONSIN
47179,3449,WASHINGTON,47,TENNESSEE
40037,3448,CREEK,40,OKLAHOMA
54039,3425,KANAWHA,54,WEST VIRGINIA
41071,3422,YAMHILL,41,OREGON
02170,3421,MATANUSKA SUSITNA,02,ALASKA
47009,3413,BLOUNT,47,TENNESSEE
46083,3412,LINCOLN,46,SOUTH DAKOTA
05085,3410,LONOKE,05,ARKANSAS
30063,3405,MISSOULA,30,MONTANA
05125,3402,SALINE,05,ARKANSAS
51095,3399,JAMES CITY,51,VIRGINIA
46103,3397,PENNINGTON,46,SOUTH DAKOTA
27137,3392,ST LOUIS,27,MINNESOTA
41003,3390,BENTON,41,OREGON
36069,3385,ONTARIO,36,NEW YORK
37019,3383,BRUNSWICK,37,NORTH CAROLINA
29097,3342,JASPER,29,MISSOURI
26037,3321,CLINTON,26,MICHIGAN
21037,3316,CAMPBELL,21,KENTUCKY
48135,3311,ECTOR,48,TEXAS
17161,3287,ROCK ISLAND,17,ILLINOIS
49005,3286,CACHE,49,UTAH
26075,3282,JACKSON,26,MICHIGAN
26087,3279,LAPEER,26,MICHIGAN
28035,3278,FORREST,28,MISSISSIPPI
01051,3271,ELMORE,01,ALABAMA
18059,3269,HANCOCK,18,INDIANA
45041,3261,FLORENCE,45,SOUTH CAROLINA
48451,3243,TOM GREEN,48,TEXAS
34011,3195,CUMBERLAND,34,NEW JERSEY
15009,3186,MAUI,15,HAWAII
27025,3168,CHISAGO,27,MINNESOTA
26121,3167,MUSKEGON,26,MICHIGAN
33009,3165,GRAFTON,33,NEW HAMPSHIRE
23001,3164,ANDROSCOGGIN,23,MAINE
48181,3160,GRAYSON,48,TEXAS
18043,3157,FLOYD,18,INDIANA
45077,3146,PICKENS,45,SOUTH CAROLINA
13185,3132,LOWNDES,13,GEORGIA
01115,3117,ST CLAIR,01,ALABAMA
51019,3115,BEDFORD,51,VIRGINIA
48409,3111,SAN PATRICIO,48,TEXAS
06023,3108,HUMBOLDT,06,CALIFORNIA
55035,3108,EAU CLAIRE,55,WISCONSIN
01069,3091,HOUSTON,01,ALABAMA
13297,3085,WALTON,13,GEORGIA
44005,3085,NEWPORT,44,RHODE ISLAND
36045,3075,JEFFERSON,36,NEW YORK
08101,3073,PUEBLO,08,COLORADO
36007,3070,BROOME,36,NEW YORK
24045,3059,WICOMICO,24,MARYLAND
13095,3049,DOUGHERTY,13,GEORGIA
55015,3043,CALUMET,55,WISCONSIN
37151,3034,RANDOLPH,37,NORTH CAROLINA
48071,3016,CHAMBERS,48,TEXAS
39109,3006,MIAMI,39,OHIO
32005,3004,DOUGLAS,32,NEVADA
12087,2988,MONROE,12,FLORIDA
13157,2985,JACKSON,13,GEORGIA
29071,2984,FRANKLIN,29,MISSOURI
17063,2969,GRUNDY,17,ILLINOIS
22105,2967,TANGIPAHOA,22,LOUISIANA
34009,2958,CAPE MAY,34,NEW JERSEY
37159,2946,ROWAN,37,NORTH CAROLINA
41033,2943,JOSEPHINE,41,OREGON
05031,2942,CRAIGHEAD,05,ARKANSAS
18095,2941,MADISON,18,INDIANA
32510,2938,CARSON CITY,32,NEVADA
27009,2936,BENTON,27,MINNESOTA
17099,2929,LA SALLE,17,ILLINOIS
30031,2923,GALLATIN,30,MONTANA
26025,2919,CALHOUN,26,MICHIGAN
26055,2911,GRAND TRAVERSE,26,MICHIGAN
39023,2905,CLARK,39,OHIO
39055,2895,GEAUGA,39,OHIO
53015,2885,COWLITZ,53,WASHINGTON
26021,2884,BERRIEN,26,MICHIGAN
21227,2875,WARREN,21,KENTUCKY
41019,2864,DOUGLAS,41,OREGON
33001,2862,BELKNAP,33,NEW HAMPSHIRE
48479,2840,WEBB,48,TEXAS
37069,2826,FRANKLIN,37,NORTH CAROLINA
47119,2799,MAURY,47,TENNESSEE
22057,2776,LAFOURCHE,22,LOUISIANA
01103,2768,MORGAN,01,ALABAMA
17091,2760,KANKAKEE,17,ILLINOIS
26159,2753,VAN BUREN,26,MICHIGAN
53007,2750,CHELAN,53,WASHINGTON
12055,2742,HIGHLANDS,12,FLORIDA
53045,2731,MASON,53,WASHINGTON
48037,2727,BOWIE,48,TEXAS
37093,2724,HOKE,37,NORTH CAROLINA
55073,2721,MARATHON,55,WISCONSIN
12089,2709,NASSAU,12,FLORIDA
47147,2693,ROBERTSON,47,TENNESSEE
56021,2685,LARAMIE,56,WYOMING
36105,2679,SULLIVAN,36,NEW YORK
37045,2679,CLEVELAND,37,NORTH CAROLINA
21151,2668,MADISON,21,KENTUCKY
29113,2662,LINCOLN,29,MISSOURI
55021,2651,COLUMBIA,55,WISCONSIN
37191,2648,WAYNE,37,NORTH CAROLINA
01001,2641,AUTAUGA,01,ALABAMA
18011,2634,BOONE,18,INDIANA
13295,2626,WALKER,13,GEORGIA
06033,2626,LAKE,06,CALIFORNIA
47113,2622,MADISON,47,TENNESSEE
01045,2621,DALE,01,ALABAMA
49045,2620,TOOELE,49,UTAH
19155,2595,POTTAWATTAMIE,19,IOWA
36109,2577,TOMPKINS,36,NEW YORK
40113,2564,OSAGE,40,OKLAHOMA
26117,2558,MONTCALM,26,MICHIGAN
22079,2553,RAPIDES,22,LOUISIANA
55063,2545,LA CROSSE,55,WISCONSIN
39169,2544,WAYNE,39,OHIO
01095,2506,MARSHALL,01,ALABAMA
48055,2500,CALDWELL,48,TEXAS
18109,2495,MORGAN,18,INDIANA
05051,2492,GARLAND,05,ARKANSAS
36075,2491,OSWEGO,36,NEW YORK
06069,2490,SAN BENITO,06,CALIFORNIA
40083,2486,LOGAN,40,OKLAHOMA
39139,2483,RICHLAND,39,OHIO
13255,2473,SPALDING,13,GEORGIA
51015,2467,AUGUSTA,51,VIRGINIA
55039,2465,FOND DU LAC,55,WISCONSIN
32023,2463,NYE,32,NEVADA
53041,2462,LEWIS,53,WASHINGTON
13313,2460,WHITFIELD,13,GEORGIA
06009,2454,CALAVERAS,06,CALIFORNIA
45085,2454,SUMTER,45,SOUTH CAROLINA
28081,2444,LEE,28,MISSISSIPPI
37089,2438,HENDERSON,37,NORTH CAROLINA
48497,2436,WISE,48,TEXAS
26091,2425,LENAWEE,26,MICHIGAN
01113,2416,RUSSELL,01,ALABAMA
48361,2409,ORANGE,48,TEXAS
22109,2401,TERREBONNE,22,LOUISIANA
36117,2400,WAYNE,36,NEW YORK
01015,2379,CALHOUN,01,ALABAMA
20015,2370,BUTLER,20,KANSAS
36113,2370,WARREN,36,NEW YORK
27059,2369,ISANTI,27,MINNESOTA
22115,2366,VERNON,22,LOUISIANA
13039,2357,CAMDEN,13,GEORGIA
37065,2353,EDGECOMBE,37,NORTH CAROLINA
16005,2350,BANNOCK,16,IDAHO
18035,2332,DELAWARE,18,INDIANA
21185,2321,OLDHAM,21,KENTUCKY
47155,2313,SEVIER,47,TENNESSEE
16083,2305,TWIN FALLS,16,IDAHO
18173,2293,WARRICK,18,INDIANA
54011,2292,CABELL,54,WEST VIRGINIA
47001,2291,ANDERSON,47,TENNESSEE
48199,2290,HARDIN,48,TEXAS
54037,2290,JEFFERSON,54,WEST VIRGINIA
51047,2289,CULPEPER,51,VIRGINIA
26155,2286,SHIAWASSEE,26,MICHIGAN
48469,2271,VICTORIA,48,TEXAS
05033,2271,CRAWFORD,05,ARKANSAS
22089,2267,ST CHARLES,22,LOUISIANA
12023,2253,COLUMBIA,12,FLORIDA
12119,2248,SUMTER,12,FLORIDA
29051,2244,COLE,29,MISSOURI
30029,2244,FLATHEAD,30,MONTANA
19013,2244,BLACK HAWK,19,IOWA
39029,2239,COLUMBIANA,39,OHIO
18091,2237,LA PORTE,18,INDIANA
51165,2225,ROCKINGHAM,51,VIRGINIA
01055,2224,ETOWAH,01,ALABAMA
38015,2221,BURLEIGH,38,NORTH DAKOTA
29031,2219,CAPE GIRARDEAU,29,MISSOURI
33005,2218,CHESHIRE,33,NEW HAMPSHIRE
39007,2192,ASHTABULA,39,OHIO
35061,2189,VALENCIA,35,NEW MEXICO
24047,2168,WORCESTER,24,MARYLAND
19169,2163,STORY,19,IOWA
01083,2160,LIMESTONE,01,ALABAMA
55117,2153,SHEBOYGAN,55,WISCONSIN
40125,2151,POTTAWATOMIE,40,OKLAHOMA
51683,2144,MANASSAS,51,VIRGINIA
40051,2142,GRADY,40,OKLAHOMA
25011,2141,FRANKLIN,25,MASSACHUSETTS
51031,2139,CAMPBELL,51,VIRGINIA
48467,2136,VAN ZANDT,48,TEXAS
48203,2134,HARRISON,48,TEXAS
47011,2132,BRADLEY,47,TENNESSEE
29021,2124,BUCHANAN,29,MISSOURI
48373,2121,POLK,48,TEXAS
39129,2117,PICKAWAY,39,OHIO
29101,2115,JOHNSON,29,MISSOURI
01009,2107,BLOUNT,01,ALABAMA
40119,2105,PAYNE,40,OKLAHOMA
18029,2099,DEARBORN,18,INDIANA
26015,2097,BARRY,26,MICHIGAN
47089,2088,JEFFERSON,47,TENNESSEE
19193,2088,WOODBURY,19,IOWA
21113,2077,JESSAMINE,21,KENTUCKY
39043,2065,ERIE,39,OHIO
17141,2063,OGLE,17,ILLINOIS
06103,2053,TEHAMA,06,CALIFORNIA
26067,2050,IONIA,26,MICHIGAN
20161,2047,RILEY,20,KANSAS
39027,2043,CLINTON,39,OHIO
51121,2041,MONTGOMERY,51,VIRGINIA
22095,2024,ST JOHN THE BAPTIST,22,LOUISIANA
53017,2022,DOUGLAS,53,WASHINGTON
29187,2022,ST FRANCOIS,29,MISSOURI
27013,2022,BLUE EARTH,27,MINNESOTA
55111,2014,SAUK,55,WISCONSIN
47167,2012,TIPTON,47,TENNESSEE
12131,2009,WALTON,12,FLORIDA
36115,2009,WASHINGTON,36,NEW YORK
18005,2006,BARTHOLOMEW,18,INDIANA
39015,2002,BROWN,39,OHIO
48013,2000,ATASCOSA,48,TEXAS
36053,1999,MADISON,36,NEW YORK
26017,1976,BAY,26,MICHIGAN
41009,1975,COLUMBIA,41,OREGON
47021,1972,CHEATHAM,47,TENNESSEE
55017,1970,CHIPPEWA,55,WISCONSIN
20061,1965,GEARY,20,KANSAS
12107,1959,PUTNAM,12,FLORIDA
18167,1957,VIGO,18,INDIANA
49021,1953,IRON,49,UTAH
33003,1950,CARROLL,33,NEW HAMPSHIRE
48053,1947,BURNET,48,TEXAS
27035,1945,CROW WING,27,MINNESOTA
05091,1945,MILLER,05,ARKANSAS
41059,1944,UMATILLA,41,OREGON
26073,1942,ISABELLA,26,MICHIGAN
48221,1940,HOOD,48,TEXAS
05145,1935,WHITE,05,ARKANSAS
27027,1934,CLAY,27,MINNESOTA
21125,1925,LAUREL,21,KENTUCKY
54079,1924,PUTNAM,54,WEST VIRGINIA
30013,1923,CASCADE,30,MONTANA
26111,1923,MIDLAND,26,MICHIGAN
13115,1921,FLOYD,13,GEORGIA
18085,1917,KOSCIUSKO,18,INDIANA
34033,1917,SALEM,34,NEW JERSEY
38035,1917,GRAND FORKS,38,NORTH DAKOTA
53009,1907,CLALLAM,53,WASHINGTON
18067,1905,HOWARD,18,INDIANA
26027,1902,CASS,26,MICHIGAN
37023,1900,BURKE,37,NORTH CAROLINA
53025,1898,GRANT,53,WASHINGTON
04007,1896,GILA,04,ARIZONA
13103,1890,EFFINGHAM,13,GEORGIA
48005,1887,ANGELINA,48,TEXAS
39157,1875,TUSCARAWAS,39,OHIO
51149,1874,PRINCE GEORGE,51,VIRGINIA
06045,1872,MENDOCINO,06,CALIFORNIA
53027,1870,GRAYS HARBOR,53,WASHINGTON
06109,1867,TUOLUMNE,06,CALIFORNIA
37031,1863,CARTERET,37,NORTH CAROLINA
22097,1862,ST LANDRY,22,LOUISIANA
39063,1854,HANCOCK,39,OHIO
51680,1843,LYNCHBURG,51,VIRGINIA
24035,1841,QUEEN ANNE'S,24,MARYLAND
48499,1840,WOOD,48,TEXAS
39021,1840,CHAMPAIGN,39,OHIO
36051,1836,LIVINGSTON,36,NEW YORK
39077,1835,HURON,39,OHIO
27131,1829,RICE,27,MINNESOTA
47141,1816,PUTNAM,47,TENNESSEE
37169,1815,STOKES,37,NORTH CAROLINA
23023,1811,SAGADAHOC,23,MAINE
39003,1799,ALLEN,39,OHIO
40101,1795,MUSKOGEE,40,OKLAHOMA
48471,1795,WALKER,48,TEXAS
13127,1794,GLYNN,13,GEORGIA
13213,1791,MURRAY,13,GEORGIA
37155,1790,ROBESON,37,NORTH CAROLINA
50027,1787,WINDSOR,50,VERMONT
29145,1783,NEWTON,29,MISSOURI
45059,1774,LAURENS,45,SOUTH CAROLINA
39083,1770,KNOX,39,OHIO
36021,1770,COLUMBIA,36,NEW YORK
56025,1767,NATRONA,56,WYOMING
13285,1766,TROUP,13,GEORGIA
01077,1765,LAUDERDALE,01,ALABAMA
22045,1765,IBERIA,22,LOUISIANA
54061,1762,MONONGALIA,54,WEST VIRGINIA
23017,1761,OXFORD,23,MAINE
01121,1760,TALLADEGA,01,ALABAMA
26123,1757,NEWAYGO,26,MICHIGAN
29169,1756,PULASKI,29,MISSOURI
47073,1754,HAWKINS,47,TENNESSEE
37125,1752,MOORE,37,NORTH CAROLINA
25003,1743,BERKSHIRE,25,MASSACHUSETTS
13129,1738,GORDON,13,GEORGIA
36101,1736,STEUBEN,36,NEW YORK
41041,1731,LINCOLN,41,OREGON
37027,1727,CALDWELL,37,NORTH CAROLINA
28073,1725,LAMAR,28,MISSISSIPPI
17077,1718,JACKSON,17,ILLINOIS
48493,1705,WILSON,48,TEXAS
39119,1704,MUSKINGUM,39,OHIO
01031,1703,COFFEE,01,ALABAMA
36009,1702,CATTARAUGUS,36,NEW YORK
17199,1702,WILLIAMSON,17,ILLINOIS
28045,1700,HANCOCK,28,MISSISSIPPI
41011,1693,COOS,41,OREGON
01049,1693,DE KALB,01,ALABAMA
37141,1680,PENDER,37,NORTH CAROLINA
37195,1650,WILSON,37,NORTH CAROLINA
13031,1649,BULLOCH,13,GEORGIA
01043,1644,CULLMAN,01,ALABAMA
36011,1643,CAYUGA,36,NEW YORK
39005,1634,ASHLAND,39,OHIO
45055,1633,KERSHAW,45,SOUTH CAROLINA
53071,1632,WALLA WALLA,53,WASHINGTON
39097,1629,MADISON,39,OHIO
41035,1628,KLAMATH,41,OREGON
37157,1628,ROCKINGHAM,37,NORTH CAROLINA
22087,1620,ST BERNARD,22,LOUISIANA
48347,1618,NACOGDOCHES,48,TEXAS
27021,1610,CASS,27,MINNESOTA
55097,1610,PORTAGE,55,WISCONSIN
51137,1609,ORANGE,51,VIRGINIA
13145,1607,HARRIS,13,GEORGIA
51033,1604,CAROLINE,51,VIRGINIA
08037,1602,EAGLE,08,COLORADO
51630,1602,FREDERICKSBURG,51,VIRGINIA
51143,1602,PITTSYLVANIA,51,VIRGINIA
28075,1601,LAUDERDALE,28,MISSISSIPPI
37077,1598,GRANVILLE,37,NORTH CAROLINA
39159,1594,UNION,39,OHIO
12075,1591,LEVY,12,FLORIDA
47063,1584,HAMBLEN,47,TENNESSEE
45075,1575,ORANGEBURG,45,SOUTH CAROLINA
30049,1574,LEWIS AND CLARK,30,MONTANA
21209,1572,SCOTT,21,KENTUCKY
26157,1567,TUSCOLA,26,MICHIGAN
51093,1565,ISLE OF WIGHT,51,VIRGINIA
17073,1556,HENRY,17,ILLINOIS
22099,1551,ST MARTIN,22,LOUISIANA
55093,1544,PIERCE,55,WISCONSIN
36039,1544,GREENE,36,NEW YORK
13029,1543,BRYAN,13,GEORGIA
17115,1541,MACON,17,ILLINOIS
48325,1537,MEDINA,48,TEXAS
21211,1531,SHELBY,21,KENTUCKY
18099,1528,MARSHALL,18,INDIANA
37109,1523,LINCOLN,37,NORTH CAROLINA
53075,1519,WHITMAN,53,WASHINGTON
06005,1507,AMADOR,06,CALIFORNIA
55141,1507,WOOD,55,WISCONSIN
47031,1505,COFFEE,47,TENNESSEE
05115,1503,POPE,05,ARKANSAS
28109,1503,PEARL RIVER,28,MISSISSIPPI
51187,1502,WARREN,51,VIRGINIA
21145,1498,MCCRACKEN,21,KENTUCKY
45031,1497,DARLINGTON,45,SOUTH CAROLINA
29029,1496,CAMDEN,29,MISSOURI
55095,1493,POLK,55,WISCONSIN
26107,1490,MECOSTA,26,MICHIGAN
38101,1486,WARD,38,NORTH DAKOTA
47053,1486,GIBSON,47,TENNESSEE
35009,1485,CURRY,35,NEW MEXICO
16011,1483,BINGHAM,16,IDAHO
39117,1479,MORROW,39,OHIO
46093,1479,MEADE,46,SOUTH DAKOTA
26149,1477,ST JOSEPH,26,MICHIGAN
35035,1476,OTERO,35,NEW MEXICO
39051,1470,FULTON,39,OHIO
47003,1467,BEDFORD,47,TENNESSEE
22001,1462,ACADIA,22,LOUISIANA
48459,1460,UPSHUR,48,TEXAS
29219,1457,WARREN,29,MISSOURI
40147,1452,WASHINGTON,40,OKLAHOMA
55083,1452,OCONTO,55,WISCONSIN
19181,1451,WARREN,19,IOWA
39141,1451,ROSS,39,OHIO
05069,1450,JEFFERSON,05,ARKANSAS
45057,1449,LANCASTER,45,SOUTH CAROLINA
39071,1449,HIGHLAND,39,OHIO
36015,1449,CHEMUNG,36,NEW YORK
53037,1448,KITTITAS,53,WASHINGTON
13177,1445,LEE,13,GEORGIA
48349,1445,NAVARRO,48,TEXAS
27103,1444,NICOLLET,27,MINNESOTA
36013,1431,CHAUTAUQUA,36,NEW YORK
55033,1424,DUNN,55,WISCONSIN
26151,1423,SANILAC,26,MICHIGAN
47105,1422,LOUDON,47,TENNESSEE
47019,1417,CARTER,47,TENNESSEE
55135,1417,WAUPACA,55,WISCONSIN
40047,1416,GARFIELD,40,OKLAHOMA
47145,1415,ROANE,47,TENNESSEE
44001,1414,BRISTOL,44,RHODE ISLAND
18113,1401,NOBLE,18,INDIANA
39143,1401,SANDUSKY,39,OHIO
40081,1400,LINCOLN,40,OKLAHOMA
45043,1397,GEORGETOWN,45,SOUTH CAROLINA
51191,1394,WASHINGTON,51,VIRGINIA
22075,1393,PLAQUEMINES,22,LOUISIANA
05035,1391,CRITTENDEN,05,ARKANSAS
21081,1389,GRANT,21,KENTUCKY
39087,1383,LAWRENCE,39,OHIO
50023,1382,WASHINGTON,50,VERMONT
48281,1379,LAMPASAS,48,TEXAS
48401,1376,RUSK,48,TEXAS
49043,1376,SUMMIT,49,UTAH
37171,1376,SURRY,37,NORTH CAROLINA
47043,1374,DICKSON,47,TENNESSEE
17117,1370,MACOUPIN,17,ILLINOIS
33019,1368,SULLIVAN,33,NEW HAMPSHIRE
48217,1366,HILL,48,TEXAS
40041,1366,DELAWARE,40,OKLAHOMA
12039,1366,GADSDEN,12,FLORIDA
51540,1362,CHARLOTTESVILLE,51,VIRGINIA
18033,1354,DEKALB,18,INDIANA
36057,1352,MONTGOMERY,36,NEW YORK
08067,1352,LA PLATA,08,COLORADO
36043,1350,HERKIMER,36,NEW YORK
37059,1349,DAVIE,37,NORTH CAROLINA
39091,1342,LOGAN,39,OHIO
17133,1341,MONROE,17,ILLINOIS
37017,1341,BLADEN,37,NORTH CAROLINA
51099,1339,KING GEORGE,51,VIRGINIA
39019,1335,CARROLL,39,OHIO
51023,1326,BOTETOURT,51,VIRGINIA
36077,1325,OTSEGO,36,NEW YORK
48265,1322,KERR,48,TEXAS
27111,1322,OTTER TAIL,27,MINNESOTA
24041,1320,TALBOT,24,MARYLAND
36107,1313,TIOGA,36,NEW YORK
39013,1311,BELMONT,39,OHIO
16069,1310,NEZ PERCE,16,IDAHO
18065,1306,HENRY,18,INDIANA
01033,1303,COLBERT,01,ALABAMA
48097,1297,COOKE,48,TEXAS
27079,1296,LE SUEUR,27,MINNESOTA
45047,1296,GREENWOOD,45,SOUTH CAROLINA
49003,1295,BOX ELDER,49,UTAH
48473,1293,WALLER,48,TEXAS
48249,1290,JIM WELLS,48,TEXAS
27049,1289,GOODHUE,27,MINNESOTA
54107,1288,WOOD,54,WEST VIRGINIA
22113,1285,VERMILION,22,LOUISIANA
29027,1284,CALLAWAY,29,MISSOURI
18073,1284,JASPER,18,INDIANA
21059,1282,DAVIESS,21,KENTUCKY
36037,1281,GENESEE,36,NEW YORK
29213,1279,TANEY,29,MISSOURI
51730,1279,PETERSBURG,51,VIRGINIA
31079,1278,HALL,31,NEBRASKA
08045,1276,GARFIELD,08,COLORADO
18133,1276,PUTNAM,18,INDIANA
18145,1276,SHELBY,18,INDIANA
51067,1272,FRANKLIN,51,VIRGINIA
39033,1271,CRAWFORD,39,OHIO
12121,1269,SUWANNEE,12,FLORIDA
17195,1268,WHITESIDE,17,ILLINOIS
16017,1262,BONNER,16,IDAHO
29009,1259,BARRY,29,MISSOURI
28067,1259,JONES,28,MISSISSIPPI
45021,1258,CHEROKEE,45,SOUTH CAROLINA
51685,1256,MANASSAS PARK,51,VIRGINIA
48147,1255,FANNIN,48,TEXAS
13143,1254,HARALSON,13,GEORGIA
26059,1253,HILLSDALE,26,MICHIGAN
39123,1253,OTTAWA,39,OHIO
19061,1252,DUBUQUE,19,IOWA
16057,1249,LATAH,16,IDAHO
13169,1247,JONES,13,GEORGIA
17103,1246,LEE,17,ILLINOIS
37105,1245,LEE,37,NORTH CAROLINA
39011,1240,AUGLAIZE,39,OHIO
51109,1235,LOUISA,51,VIRGINIA
13227,1233,PICKENS,13,GEORGIA
17029,1233,COLES,17,ILLINOIS
40087,1232,MCCLAIN,40,OKLAHOMA
22011,1229,BEAUREGARD,22,LOUISIANA
27095,1227,MILLE LACS,27,MINNESOTA
39167,1226,WASHINGTON,39,OHIO
21073,1221,FRANKLIN,21,KENTUCKY
24011,1218,CAROLINE,24,MARYLAND
48073,1216,CHEROKEE,48,TEXAS
13035,1216,BUTTS,13,GEORGIA
39131,1215,PIKE,39,OHIO
37061,1211,DUPLIN,37,NORTH CAROLINA
48259,1208,KENDALL,48,TEXAS
12051,1206,HENDRY,12,FLORIDA
35005,1204,CHAVES,35,NEW MEXICO
31019,1202,BUFFALO,31,NEBRASKA
39135,1201,PREBLE,39,OHIO
55005,1200,BARRON,55,WISCONSIN
29161,1199,PHELPS,29,MISSOURI
36025,1199,DELAWARE,36,NEW YORK
40097,1198,MAYES,40,OKLAHOMA
51073,1196,GLOUCESTER,51,VIRGINIA
17203,1196,WOODFORD,17,ILLINOIS
51840,1196,WINCHESTER,51,VIRGINIA
32007,1196,ELKO,32,NEVADA
13219,1192,OCONEE,13,GEORGIA
55081,1192,MONROE,55,WISCONSIN
37053,1190,CURRITUCK,37,NORTH CAROLINA
13231,1190,PIKE,13,GEORGIA
45073,1189,OCONEE,45,SOUTH CAROLINA
20169,1187,SALINE,20,KANSAS
40021,1187,CHEROKEE,40,OKLAHOMA
18061,1183,HARRISON,18,INDIANA
23025,1182,SOMERSET,23,MAINE
51670,1180,HOPEWELL,51,VIRGINIA
55071,1178,MANITOWOC,55,WISCONSIN
21049,1175,CLARK,21,KENTUCKY
26023,1173,BRANCH,26,MICHIGAN
17183,1172,VERMILION,17,ILLINOIS
39009,1172,ATHENS,39,OHIO
16065,1171,MADISON,16,IDAHO
39081,1171,JEFFERSON,39,OHIO
29109,1170,LAWRENCE,29,MISSOURI
29201,1167,SCOTT,29,MISSOURI
48407,1167,SAN JACINTO,48,TEXAS
56001,1165,ALBANY,56,WYOMING
39101,1163,MARION,39,OHIO
51171,1161,SHENANDOAH,51,VIRGINIA
40013,1159,BRYAN,40,OKLAHOMA
37107,1157,LENOIR,37,NORTH CAROLINA
13085,1157,DAWSON,13,GEORGIA
28087,1154,LOWNDES,28,MISSISSIPPI
51600,1153,FAIRFAX,51,VIRGINIA
27085,1147,MCLEOD,27,MINNESOTA
37079,1144,GREENE,37,NORTH CAROLINA
47107,1144,MCMINN,47,TENNESSEE
31025,1143,CASS,31,NEBRASKA
29225,1141,WEBSTER,29,MISSOURI
36003,1140,ALLEGANY,36,NEW YORK
01127,1139,WALKER,01,ALABAMA
53065,1139,STEVENS,53,WASHINGTON
39037,1136,DARKE,39,OHIO
48241,1133,JASPER,48,TEXAS
39145,1130,SCIOTO,39,OHIO
51075,1129,GOOCHLAND,51,VIRGINIA
21179,1128,NELSON,21,KENTUCKY
13011,1128,BANKS,13,GEORGIA
19011,1126,BENTON,19,IOWA
36035,1125,FULTON,36,NEW YORK
20155,1124,RENO,20,KANSAS
47059,1124,GREENE,47,TENNESSEE
28071,1121,LAFAYETTE,28,MISSISSIPPI
18087,1120,LAGRANGE,18,INDIANA
39147,1116,SENECA,39,OHIO
48143,1115,ERATH,48,TEXAS
37167,1114,STANLY,37,NORTH CAROLINA
18053,1113,GRANT,18,INDIANA
40019,1113,CARTER,40,OKLAHOMA
37163,1111,SAMPSON,37,NORTH CAROLINA
30081,1110,RAVALLI,30,MONTANA
21019,1109,BOYD,21,KENTUCKY
36017,1109,CHENANGO,36,NEW YORK
40111,1109,OKMULGEE,40,OKLAHOMA
39073,1108,HOCKING,39,OHIO
17177,1107,STEPHENSON,17,ILLINOIS
21163,1102,MEADE,21,KENTUCKY
55075,1101,MARINETTE,55,WISCONSIN
48015,1099,AUSTIN,48,TEXAS
55115,1097,SHAWANO,55,WISCONSIN
29049,1096,CLINTON,29,MISSOURI
06093,1096,SISKIYOU,06,CALIFORNIA
37181,1095,VANCE,37,NORTH CAROLINA
48277,1093,LAMAR,48,TEXAS
20121,1088,MIAMI,20,KANSAS
54033,1087,HARRISON,54,WEST VIRGINIA
12093,1085,OKEECHOBEE,12,FLORIDA
04023,1083,SANTA CRUZ,04,ARIZONA
39039,1081,DEFIANCE,39,OHIO
27147,1081,STEELE,27,MINNESOTA
12129,1080,WAKULLA,12,FLORIDA
48001,1080,ANDERSON,48,TEXAS
27115,1075,PINE,27,MINNESOTA
48273,1074,KLEBERG,48,TEXAS
08093,1073,PARK,08,COLORADO
22121,1072,WEST BATON ROUGE,22,LOUISIANA
13137,1072,HABERSHAM,13,GEORGIA
41007,1071,CLATSOP,41,OREGON
40135,1069,SEQUOYAH,40,OKLAHOMA
02122,1066,KENAI PENINSULA,02,ALASKA
23015,1064,LINCOLN,23,MAINE
26057,1062,GRATIOT,26,MICHIGAN
18047,1062,FRANKLIN,18,INDIANA
36073,1059,ORLEANS,36,NEW YORK
55045,1059,GREEN,55,WISCONSIN
13233,1058,POLK,13,GEORGIA
26047,1056,EMMET,26,MICHIGAN
51053,1055,DINWIDDIE,51,VIRGINIA
54081,1053,RALEIGH,54,WEST VIRGINIA
41013,1053,CROOK,41,OREGON
39001,1053,ADAMS,39,OHIO
21079,1053,GARRARD,21,KENTUCKY
27041,1052,DOUGLAS,27,MINNESOTA
22101,1051,ST MARY,22,LOUISIANA
48189,1051,HALE,48,TEXAS
18177,1050,WAYNE,18,INDIANA
23009,1049,HANCOCK,23,MAINE
37139,1048,PASQUOTANK,37,NORTH CAROLINA
24001,1047,ALLEGANY,24,MARYLAND
18021,1044,CLAY,18,INDIANA
37013,1043,BEAUFORT,37,NORTH CAROLINA
36023,1042,CORTLAND,36,NEW YORK
40079,1040,LE FLORE,40,OKLAHOMA
08085,1040,MONTROSE,08,COLORADO
23027,1040,WALDO,23,MAINE
12063,1039,JACKSON,12,FLORIDA
48223,1038,HOPKINS,48,TEXAS
48465,1036,VAL VERDE,48,TEXAS
55043,1035,GRANT,55,WISCONSIN
39031,1031,COSHOCTON,39,OHIO
37087,1029,HAYWOOD,37,NORTH CAROLINA
51089,1027,HENRY,51,VIRGINIA
29023,1027,BUTLER,29,MISSOURI
21101,1027,HENDERSON,21,KENTUCKY
16051,1025,JEFFERSON,16,IDAHO
13311,1022,WHITE,13,GEORGIA
28137,1022,TATE,28,MISSISSIPPI
55001,1021,ADAMS,55,WISCONSIN
51660,1020,HARRISONBURG,51,VIRGINIA
15007,1019,KAUAI,15,HAWAII
51570,1017,COLONIAL HEIGHTS,51,VIRGINIA
26165,1016,WEXFORD,26,MICHIGAN
28057,1015,ITAWAMBA,28,MISSISSIPPI
08039,1014,ELBERT,08,COLORADO
29209,1011,STONE,29,MISSOURI
51145,1008,POWHATAN,51,VIRGINIA
21021,1008,BOYLE,21,KENTUCKY
21199,1007,PULASKI,21,KENTUCKY
36121,1005,WYOMING,36,NEW YORK
08117,1005,SUMMIT,08,COLORADO
13195,1004,MADISON,13,GEORGIA
39127,1003,PERRY,39,OHIO
29107,1003,LAFAYETTE,29,MISSOURI
40137,1003,STEPHENS,40,OKLAHOMA
27007,1002,BELTRAMI,27,MINNESOTA
13187,1001,LUMPKIN,13,GEORGIA
37197,998,YADKIN,37,NORTH CAROLINA
08043,997,FREMONT,08,COLORADO
37193,996,WILKES,37,NORTH CAROLINA
13225,995,PEACH,13,GEORGIA
56037,991,SWEETWATER,56,WYOMING
18151,988,STEUBEN,18,INDIANA
48185,988,GRIMES,48,TEXAS
22119,987,WEBSTER,22,LOUISIANA
29159,987,PETTIS,29,MISSOURI
26035,986,CLARE,26,MICHIGAN
37033,985,CASWELL,37,NORTH CAROLINA
17095,984,KNOX,17,ILLINOIS
50025,983,WINDHAM,50,VERMONT
51775,981,SALEM,51,VIRGINIA
51590,980,DANVILLE,51,VIRGINIA
47123,978,MONROE,47,TENNESSEE
35025,976,LEA,35,NEW MEXICO
50011,976,FRANKLIN,50,VERMONT
37083,975,HALIFAX,37,NORTH CAROLINA
18055,973,GREENE,18,INDIANA
48481,973,WHARTON,48,TEXAS
17105,972,LIVINGSTON,17,ILLINOIS
55057,972,JUNEAU,55,WISCONSIN
19045,970,CLINTON,19,IOWA
01071,968,JACKSON,01,ALABAMA
05055,965,GREENE,05,ARKANSAS
21089,961,GREENUP,21,KENTUCKY
39149,959,SHELBY,39,OHIO
22061,959,LINCOLN,22,LOUISIANA
36089,959,ST LAWRENCE,36,NEW YORK
19015,958,BOONE,19,IOWA
18103,956,MIAMI,18,INDIANA
18183,954,WHITLEY,18,INDIANA
47117,954,MARSHALL,47,TENNESSEE
40071,948,KAY,40,OKLAHOMA
01021,947,CHILTON,01,ALABAMA
28107,946,PANOLA,28,MISSISSIPPI
41015,943,CURRY,41,OREGON
27017,943,CARLTON,27,MINNESOTA
37003,943,ALEXANDER,37,NORTH CAROLINA
48323,940,MAVERICK,48,TEXAS
16053,937,JEROME,16,IDAHO
36019,936,CLINTON,36,NEW YORK
24019,933,DORCHESTER,24,MARYLAND
18149,931,STARKE,18,INDIANA
29003,929,ANDREW,29,MISSOURI
39065,928,HARDIN,39,OHIO
13009,928,BALDWIN,13,GEORGIA
54099,927,WAYNE,54,WEST VIRGINIA
22031,926,DE SOTO,22,LOUISIANA
50021,925,RUTLAND,50,VERMONT
48427,923,STARR,48,TEXAS
18119,919,OWEN,18,INDIANA
21009,917,BARREN,21,KENTUCKY
17075,916,IROQUOIS,17,ILLINOIS
51520,915,BRISTOL,51,VIRGINIA
27097,913,MORRISON,27,MINNESOTA
51127,911,NEW KENT,51,VIRGINIA
35039,909,RIO ARRIBA,35,NEW MEXICO
20079,908,HARVEY,20,KANSAS
12027,908,DE SOTO,12,FLORIDA
27005,908,BECKER,27,MINNESOTA
54069,907,OHIO,54,WEST VIRGINIA
26051,905,GLADWIN,26,MICHIGAN
48049,904,BROWN,48,TEXAS
55085,903,ONEIDA,55,WISCONSIN
22117,901,WASHINGTON,22,LOUISIANA
47035,901,CUMBERLAND,47,TENNESSEE
39047,900,FAYETTE,39,OHIO
28149,897,WARREN,28,MISSISSIPPI
38059,896,MORTON,38,NORTH DAKOTA
45029,895,COLLETON,45,SOUTH CAROLINA
40123,895,PONTOTOC,40,OKLAHOMA
08029,894,DELTA,08,COLORADO
28113,894,PIKE,28,MISSISSIPPI
39059,891,GUERNSEY,39,OHIO
26127,889,OCEANA,26,MICHIGAN
50017,889,ORANGE,50,VERMONT
48477,888,WASHINGTON,48,TEXAS
12003,888,BAKER,12,FLORIDA
05005,888,BAXTER,05,ARKANSAS
55031,887,DOUGLAS,55,WISCONSIN
16039,887,ELMORE,16,IDAHO
31119,887,MADISON,31,NEBRASKA
13275,887,THOMAS,13,GEORGIA
53003,886,ASOTIN,53,WASHINGTON
37145,886,PERSON,37,NORTH CAROLINA
47017,886,CARROLL,47,TENNESSEE
23003,885,AROOSTOOK,23,MAINE
01017,885,CHAMBERS,01,ALABAMA
53031,885,JEFFERSON,53,WASHINGTON
45025,885,CHESTERFIELD,45,SOUTH CAROLINA
17011,884,BUREAU,17,ILLINOIS
29131,882,MILLER,29,MISSOURI
18013,881,BROWN,18,INDIANA
37189,879,WATAUGA,37,NORTH CAROLINA
26103,878,MARQUETTE,26,MICHIGAN
37161,878,RUTHERFORD,37,NORTH CAROLINA
22047,877,IBERVILLE,22,LOUISIANA
47055,877,GILES,47,TENNESSEE
35015,876,EDDY,35,NEW MEXICO
13027,876,BROOKS,13,GEORGIA
48067,876,CASS,48,TEXAS
01079,873,LAWRENCE,01,ALABAMA
51065,871,FLUVANNA,51,VIRGINIA
18079,871,JENNINGS,18,INDIANA
26009,871,ANTRIM,26,MICHIGAN
13277,870,TIFT,13,GEORGIA
21005,870,ANDERSON,21,KENTUCKY
13199,870,MERIWETHER,13,GEORGIA
26143,868,ROSCOMMON,26,MICHIGAN
19139,867,MUSCATINE,19,IOWA
05023,867,CLEBURNE,05,ARKANSAS
48007,865,ARANSAS,48,TEXAS
18071,865,JACKSON,18,INDIANA
18031,864,DECATUR,18,INDIANA
45023,864,CHESTER,45,SOUTH CAROLINA
31053,862,DODGE,31,NEBRASKA
17055,862,FRANKLIN,17,ILLINOIS
17027,862,CLINTON,17,ILLINOIS
21107,860,HOPKINS,21,KENTUCKY
13033,858,BURKE,13,GEORGIA
18017,857,CASS,18,INDIANA
48331,856,MILAM,48,TEXAS
17021,856,CHRISTIAN,17,ILLINOIS
29055,855,CRAWFORD,29,MISSOURI
13119,854,FRANKLIN,13,GEORGIA
51009,853,AMHERST,51,VIRGINIA
22043,851,GRANT,22,LOUISIANA
22069,851,NATCHITOCHES,22,LOUISIANA
32001,850,CHURCHILL,32,NEVADA
28115,847,PONTOTOC,28,MISSISSIPPI
28145,846,UNION,28,MISSISSIPPI
20059,843,FRANKLIN,20,KANSAS
05009,843,BOONE,05,ARKANSAS
08119,840,TELLER,08,COLORADO
01123,840,TALLAPOOSA,01,ALABAMA
28093,840,MARSHALL,28,MISSISSIPPI
05053,840,GRANT,05,ARKANSAS
18069,839,HUNTINGTON,18,INDIANA
13123,838,GILMER,13,GEORGIA
54049,838,MARION,54,WEST VIRGINIA
47081,837,HICKMAN,47,TENNESSEE
22053,836,JEFFERSON DAVIS,22,LOUISIANA
53047,833,OKANOGAN,53,WASHINGTON
39171,831,WILLIAMS,39,OHIO
18051,828,GIBSON,18,INDIANA
39069,828,HENRY,39,OHIO
29119,828,MCDONALD,29,MISSOURI
21215,826,SPENCER,21,KENTUCKY
17137,821,MORGAN,17,ILLINOIS
28105,819,OKTIBBEHA,28,MISSISSIPPI
17083,819,JERSEY,17,ILLINOIS
18129,816,POSEY,18,INDIANA
47051,815,FRANKLIN,47,TENNESSEE
27067,812,KANDIYOHI,27,MINNESOTA
47131,812,OBION,47,TENNESSEE
37165,811,SCOTLAND,37,NORTH CAROLINA
13299,811,WARE,13,GEORGIA
51155,810,PULASKI,51,VIRGINIA
29167,810,POLK,29,MISSOURI
56005,810,CAMPBELL,56,WYOMING
49039,809,SANPETE,49,UTAH
12007,803,BRADFORD,12,FLORIDA
27119,803,POLK,27,MINNESOTA
23013,802,KNOX,23,MAINE
21137,800,LINCOLN,21,KENTUCKY
55049,799,IOWA,55,WISCONSIN
36099,799,SENECA,36,NEW YORK
39079,798,JACKSON,39,OHIO
47057,797,GRAINGER,47,TENNESSEE
19099,795,JASPER,19,IOWA
50001,794,ADDISON,50,VERMONT
48019,792,BANDERA,48,TEXAS
06035,792,LASSEN,06,CALIFORNIA
45039,790,FAIRFIELD,45,SOUTH CAROLINA
40065,790,JACKSON,40,OKLAHOMA
18107,789,MONTGOMERY,18,INDIANA
20037,789,CRAWFORD,20,KANSAS
18037,789,DUBOIS,18,INDIANA
05063,787,INDEPENDENCE,05,ARKANSAS
21003,787,ALLEN,21,KENTUCKY
47045,786,DYER,47,TENNESSEE
20125,785,MONTGOMERY,20,KANSAS
21121,785,KNOX,21,KENTUCKY
29186,784,STE GENEVIEVE,29,MISSOURI
26069,784,IOSCO,26,MICHIGAN
48035,783,BOSQUE,48,TEXAS
21239,782,WOODFORD,21,KENTUCKY
17057,780,FULTON,17,ILLINOIS
45027,780,CLARENDON,45,SOUTH CAROLINA
29091,779,HOWELL,29,MISSOURI
40015,778,CADDO,40,OKLAHOMA
48363,776,PALO PINTO,48,TEXAS
48321,775,MATAGORDA,48,TEXAS
18137,774,RIPLEY,18,INDIANA
27039,771,DODGE,27,MINNESOTA
39075,770,HOLMES,39,OHIO
28003,769,ALCORN,28,MISSISSIPPI
40133,767,SEMINOLE,40,OKLAHOMA
47025,766,CLAIBORNE,47,TENNESSEE
40115,763,OTTAWA,40,OKLAHOMA
31043,762,DAKOTA,31,NEBRASKA
12133,762,WASHINGTON,12,FLORIDA
54055,761,MERCER,54,WEST VIRGINIA
37153,761,RICHMOND,37,NORTH CAROLINA
13171,761,LAMAR,13,GEORGIA
27093,755,MEEKER,27,MINNESOTA
39107,753,MERCER,39,OHIO
51043,753,CLARKE,51,VIRGINIA
13159,752,JASPER,13,GEORGIA
35006,752,CIBOLA,35,NEW MEXICO
17081,751,JEFFERSON,17,ILLINOIS
16075,751,PAYETTE,16,IDAHO
32029,750,STOREY,32,NEVADA
40121,748,PITTSBURG,40,OKLAHOMA
20111,748,LYON,20,KANSAS
29105,747,LACLEDE,29,MISSOURI
05059,747,HOT SPRING,05,ARKANSAS
27169,747,WINONA,27,MINNESOTA
18023,747,CLINTON,18,INDIANA
05093,746,MISSISSIPPI,05,ARKANSAS
18135,745,RANDOLPH,18,INDIANA
37029,744,CAMDEN,37,NORTH CAROLINA
49051,744,WASATCH,49,UTAH
18179,744,WELLS,18,INDIANA
40049,743,GARVIN,40,OKLAHOMA
29207,742,STODDARD,29,MISSOURI
18093,742,LAWRENCE,18,INDIANA
55069,740,LINCOLN,55,WISCONSIN
37111,738,MCDOWELL,37,NORTH CAROLINA
16031,736,CASSIA,16,IDAHO
20149,735,POTTAWATOMIE,20,KANSAS
19033,733,CERRO GORDO,19,IOWA
18175,733,WASHINGTON,18,INDIANA
20087,732,JEFFERSON,20,KANSAS
06021,731,GLENN,06,CALIFORNIA
55121,731,TREMPEALEAU,55,WISCONSIN
51820,730,WAYNESBORO,51,VIRGINIA
50005,729,CALEDONIA,50,VERMONT
41057,728,TILLAMOOK,41,OREGON
51185,727,TAZEWELL,51,VIRGINIA
21027,726,BRECKINRIDGE,21,KENTUCKY
33007,724,COOS,33,NEW HAMPSHIRE
27065,724,KANABEC,27,MINNESOTA
29177,724,RAY,29,MISSOURI
20035,721,COWLEY,20,KANSAS
47013,721,CAMPBELL,47,TENNESSEE
36095,720,SCHOHARIE,36,NEW YORK
28083,720,LEFLORE,28,MISSISSIPPI
27061,718,ITASCA,27,MINNESOTA
20139,718,OSAGE,20,KANSAS
21083,717,GRAVES,21,KENTUCKY
37055,717,DARE,37,NORTH CAROLINA
17157,715,RANDOLPH,17,ILLINOIS
22007,712,ASSUMPTION,22,LOUISIANA
26133,712,OSCEOLA,26,MICHIGAN
13229,711,PIERCE,13,GEORGIA
45061,711,LEE,45,SOUTH CAROLINA
18077,710,JEFFERSON,18,INDIANA
19125,709,MARION,19,IOWA
28099,709,NESHOBA,28,MISSISSIPPI
28127,708,SIMPSON,28,MISSISSIPPI
28151,708,WASHINGTON,28,MISSISSIPPI
21157,707,MARSHALL,21,KENTUCKY
13175,706,LAURENS,13,GEORGIA
37047,705,COLUMBUS,37,NORTH CAROLINA
47103,704,LINCOLN,47,TENNESSEE
22039,704,EVANGELINE,22,LOUISIANA
55137,704,WAUSHARA,55,WISCONSIN
37123,703,MONTGOMERY,37,NORTH CAROLINA
18181,701,WHITE,18,INDIANA
47077,701,HENDERSON,47,TENNESSEE
18015,700,CARROLL,18,INDIANA
46081,700,LAWRENCE,46,SOUTH DAKOTA
29069,698,DUNKLIN,29,MISSOURI
18049,698,FULTON,18,INDIANA
48457,698,TYLER,48,TEXAS
45001,698,ABBEVILLE,45,SOUTH CAROLINA
47023,696,CHESTER,47,TENNESSEE
13207,696,MONROE,13,GEORGIA
28023,695,CLARKE,28,MISSISSIPPI
12041,694,GILCHRIST,12,FLORIDA
26137,693,OTSEGO,26,MICHIGAN
17001,692,ADAMS,17,ILLINOIS
22049,690,JACKSON,22,LOUISIANA
28095,690,MONROE,28,MISSISSIPPI
05139,686,UNION,05,ARKANSAS
50003,685,BENNINGTON,50,VERMONT
47173,685,UNION,47,TENNESSEE
26029,684,CHARLEVOIX,26,MICHIGAN
01061,684,GENEVA,01,ALABAMA
28085,682,LINCOLN,28,MISSISSIPPI
31155,680,SAUNDERS,31,NEBRASKA
29083,677,HENRY,29,MISSOURI
31157,676,SCOTTS BLUFF,31,NEBRASKA
04009,676,GRAHAM,04,ARIZONA
01053,676,ESCAMBIA,01,ALABAMA
26019,675,BENZIE,26,MICHIGAN
48449,673,TITUS,48,TEXAS
06063,672,PLUMAS,06,CALIFORNIA
21235,670,WHITLEY,21,KENTUCKY
13237,667,PUTNAM,13,GEORGIA
17147,667,PIATT,17,ILLINOIS
06043,667,MARIPOSA,06,CALIFORNIA
26031,667,CHEBOYGAN,26,MICHIGAN
47015,666,CANNON,47,TENNESSEE
22003,665,ALLEN,22,LOUISIANA
54019,664,FAYETTE,54,WEST VIRGINIA
19127,664,MARSHALL,19,IOWA
48219,662,HOCKLEY,48,TEXAS
24039,662,SOMERSET,24,MARYLAND
55019,660,CLARK,55,WISCONSIN
21017,658,BOURBON,21,KENTUCKY
18083,658,KNOX,18,INDIANA
20191,656,SUMNER,20,KANSAS
37099,655,JACKSON,37,NORTH CAROLINA
13071,653,COLQUITT,13,GEORGIA
23007,652,FRANKLIN,23,MAINE
47183,652,WEAKLEY,47,TENNESSEE
31177,652,WASHINGTON,31,NEBRASKA
47159,650,SMITH,47,TENNESSEE
21103,650,HENRY,21,KENTUCKY
21141,650,LOGAN,21,KENTUCKY
19031,650,CEDAR,19,IOWA
20055,650,FINNEY,20,KANSAS
18169,650,WABASH,18,INDIANA
17049,649,EFFINGHAM,17,ILLINOIS
36031,648,ESSEX,36,NEW YORK
18041,645,FAYETTE,18,INDIANA
21195,644,PIKE,21,KENTUCKY
51175,644,SOUTHAMPTON,51,VIRGINIA
53051,643,PEND OREILLE,53,WASHINGTON
26063,642,HURON,26,MICHIGAN
05083,639,LOGAN,05,ARKANSAS
21035,639,CALLOWAY,21,KENTUCKY
41045,639,MALHEUR,41,OREGON
27157,638,WABASHA,27,MINNESOTA
31141,638,PLATTE,31,NEBRASKA
27153,638,TODD,27,MINNESOTA
29221,637,WASHINGTON,29,MISSOURI
01109,637,PIKE,01,ALABAMA
41065,637,WASCO,41,OREGON
28011,635,BOLIVAR,28,MISSISSIPPI
26129,635,OGEMAW,26,MICHIGAN
08087,635,MORGAN,08,COLORADO
21167,635,MERCER,21,KENTUCKY
47033,633,CROCKETT,47,TENNESSEE
31111,633,LINCOLN,31,NEBRASKA
22037,632,EAST FELICIANA,22,LOUISIANA
08083,632,MONTEZUMA,08,COLORADO
01007,631,BIBB,01,ALABAMA
29127,630,MARION,29,MISSOURI
01059,629,FRANKLIN,01,ALABAMA
39175,629,WYANDOT,39,OHIO
35027,629,LINCOLN,35,NEW MEXICO
51610,628,FALLS CHURCH,51,VIRGINIA
29141,628,MORGAN,29,MISSOURI
40039,626,CUSTER,40,OKLAHOMA
22009,626,AVOYELLES,22,LOUISIANA
30047,625,LAKE,30,MONTANA
40117,625,PAWNEE,40,OKLAHOMA
05111,623,POINSETT,05,ARKANSAS
02110,623,JUNEAU,02,ALASKA
01039,620,COVINGTON,01,ALABAMA
27099,619,MOWER,27,MINNESOTA
51101,617,KING WILLIAM,51,VIRGINIA
13211,616,MORGAN,13,GEORGIA
18143,615,SCOTT,18,INDIANA
19017,614,BREMER,19,IOWA
17041,614,DOUGLAS,17,ILLINOIS
05087,612,MADISON,05,ARKANSAS
47099,611,LAWRENCE,47,TENNESSEE
17107,611,LOGAN,17,ILLINOIS
47109,610,MCNAIRY,47,TENNESSEE
13025,609,BRANTLEY,13,GEORGIA
56013,609,FREMONT,56,WYOMING
28079,609,LEAKE,28,MISSISSIPPI
28029,609,COPIAH,28,MISSISSIPPI
47111,606,MACON,47,TENNESSEE
47079,606,HENRY,47,TENNESSEE
18045,606,FOUNTAIN,18,INDIANA
50015,605,LAMOILLE,50,VERMONT
53039,605,KLICKITAT,53,WASHINGTON
20113,604,MCPHERSON,20,KANSAS
47075,602,HAYWOOD,47,TENNESSEE
53049,602,PACIFIC,53,WASHINGTON
28031,601,COVINGTON,28,MISSISSIPPI
48161,601,FREESTONE,48,TEXAS
28143,600,TUNICA,28,MISSISSIPPI
48365,600,PANOLA,48,TEXAS
19019,600,BUCHANAN,19,IOWA
39115,599,MORGAN,39,OHIO
28123,598,SCOTT,28,MISSISSIPPI
28039,597,GEORGE,28,MISSISSIPPI
51035,597,CARROLL,51,VIRGINIA
19129,597,MILLS,19,IOWA
19149,597,PLYMOUTH,19,IOWA
55013,596,BURNETT,55,WISCONSIN
45071,595,NEWBERRY,45,SOUTH CAROLINA
01067,595,HENRY,01,ALABAMA
49047,594,UINTAH,49,UTAH
48025,594,BEE,48,TEXAS
19121,594,MADISON,19,IOWA
17121,593,MARION,17,ILLINOIS
19179,592,WAPELLO,19,IOWA
20021,592,CHEROKEE,20,KANSAS
54027,591,HAMPSHIRE,54,WEST VIRGINIA
48293,590,LIMESTONE,48,TEXAS
46029,589,CODINGTON,46,SOUTH DAKOTA
40001,589,ADAIR,40,OKLAHOMA
41027,588,HOOD RIVER,41,OREGON
39137,587,PUTNAM,39,OHIO
47133,587,OVERTON,47,TENNESSEE
17123,585,MARSHALL,17,ILLINOIS
29073,583,GASCONADE,29,MISSOURI
55077,582,MARQUETTE,55,WISCONSIN
13087,581,DECATUR,13,GEORGIA
18159,581,TIPTON,18,INDIANA
13131,580,GRADY,13,GEORGIA
01047,580,DALLAS,01,ALABAMA
19123,579,MAHASKA,19,IOWA
22111,579,UNION,22,LOUISIANA
26089,578,LEELANAU,26,MICHIGAN
37113,578,MACON,37,NORTH CAROLINA
47041,577,DE KALB,47,TENNESSEE
55123,576,VERNON,55,WISCONSIN
39053,575,GALLIA,39,OHIO
48051,574,BURLESON,48,TEXAS
46011,572,BROOKINGS,46,SOUTH DAKOTA
29175,572,RANDOLPH,29,MISSOURI
13189,571,MCDUFFIE,13,GEORGIA
45037,569,EDGEFIELD,45,SOUTH CAROLINA
12043,569,GLADES,12,FLORIDA
31067,567,GAGE,31,NEBRASKA
26101,566,MANISTEE,26,MICHIGAN
21173,564,MONTGOMERY,21,KENTUCKY
47097,564,LAUDERDALE,47,TENNESSEE
17125,564,MASON,17,ILLINOIS
17053,563,FORD,17,ILLINOIS
55029,563,DOOR,55,WISCONSIN
47143,563,RHEA,47,TENNESSEE
47115,563,MARION,47,TENNESSEE
47177,563,WARREN,47,TENNESSEE
49041,562,SEVIER,49,UTAH
21213,562,SIMPSON,21,KENTUCKY
51007,562,AMELIA,51,VIRGINIA
01019,562,CHEROKEE,01,ALABAMA
48171,561,GILLESPIE,48,TEXAS
13321,560,WORTH,13,GEORGIA
12059,560,HOLMES,12,FLORIDA
48337,559,MONTAGUE,48,TEXAS
17135,559,MONTGOMERY,17,ILLINOIS
22067,559,MOREHOUSE,22,LOUISIANA
21191,559,PENDLETON,21,KENTUCKY
51193,558,WESTMORELAND,51,VIRGINIA
20051,558,ELLIS,20,KANSAS
18001,557,ADAMS,18,INDIANA
36033,557,FRANKLIN,36,NEW YORK
19057,557,DES MOINES,19,IOWA
47029,556,COCKE,47,TENNESSEE
05047,555,FRANKLIN,05,ARKANSAS
13221,555,OGLETHORPE,13,GEORGIA
29013,554,BATES,29,MISSOURI
37115,553,MADISON,37,NORTH CAROLINA
46127,553,UNION,46,SOUTH DAKOTA
17173,552,SHELBY,17,ILLINOIS
29007,552,AUDRAIN,29,MISSOURI
30093,552,SILVER BOW,30,MONTANA
18139,552,RUSH,18,INDIANA
01111,551,RANDOLPH,01,ALABAMA
26105,548,MASON,26,MICHIGAN
29053,548,COOPER,29,MISSOURI
13079,547,CRAWFORD,13,GEORGIA
36097,547,SCHUYLER,36,NEW YORK
55047,545,GREEN LAKE,55,WISCONSIN
48227,545,HOWARD,48,TEXAS
24029,545,KENT,24,MARYLAND
19105,545,JONES,19,IOWA
45067,545,MARION,45,SOUTH CAROLINA
18153,544,SULLIVAN,18,INDIANA
13147,544,HART,13,GEORGIA
48225,544,HOUSTON,48,TEXAS
16045,543,GEM,16,IDAHO
18147,542,SPENCER,18,INDIANA
13069,542,COFFEE,13,GEORGIA
01093,542,MARION,01,ALABAMA
21071,541,FLOYD,21,KENTUCKY
13019,541,BERRIEN,13,GEORGIA
28117,541,PRENTISS,28,MISSISSIPPI
55125,540,VILAS,55,WISCONSIN
17131,540,MERCER,17,ILLINOIS
51195,537,WISE,51,VIRGINIA
45017,537,CALHOUN,45,SOUTH CAROLINA
45053,535,JASPER,45,SOUTH CAROLINA
45089,535,WILLIAMSBURG,45,SOUTH CAROLINA
12049,534,HARDEE,12,FLORIDA
46035,533,DAVISON,46,SOUTH DAKOTA
28043,533,GRENADA,28,MISSISSIPPI
05029,533,CONWAY,05,ARKANSAS
27161,533,WASECA,27,MINNESOTA
35029,532,LUNA,35,NEW MEXICO
39161,532,VAN WERT,39,OHIO
48149,532,FAYETTE,48,TEXAS
28101,531,NEWTON,28,MISSISSIPPI
05123,531,ST FRANCIS,05,ARKANSAS
17139,531,MOULTRIE,17,ILLINOIS
48253,530,JONES,48,TEXAS
54035,530,JACKSON,54,WEST VIRGINIA
37103,530,JONES,37,NORTH CAROLINA
54029,530,HANCOCK,54,WEST VIRGINIA
18165,530,VERMILLION,18,INDIANA
48299,529,LLANO,48,TEXAS
51079,528,GREENE,51,VIRGINIA
56033,526,SHERIDAN,56,WYOMING
22091,526,ST HELENA,22,LOUISIANA
54009,525,BROOKE,54,WEST VIRGINIA
21183,522,OHIO,21,KENTUCKY
48463,522,UVALDE,48,TEXAS
48455,520,TRINITY,48,TEXAS
45033,520,DILLON,45,SOUTH CAROLINA
22013,520,BIENVILLE,22,LOUISIANA
13055,519,CHATTOOGA,13,GEORGIA
37131,519,NORTHAMPTON,37,NORTH CAROLINA
47129,516,MORGAN,47,TENNESSEE
13293,516,UPSON,13,GEORGIA
13083,516,DADE,13,GEORGIA
29059,515,DALLAS,29,MISSOURI
05043,514,DREW,05,ARKANSAS
13075,514,COOK,13,GEORGIA
19183,513,WASHINGTON,19,IOWA
26011,513,ARENAC,26,MICHIGAN
48289,512,LEON,48,TEXAS
40091,512,MCINTOSH,40,OKLAHOMA
29015,512,BENTON,29,MISSOURI
31159,512,SEWARD,31,NEBRASKA
54057,512,MINERAL,54,WEST VIRGINIA
06015,510,DEL NORTE,06,CALIFORNIA
17109,509,MCDONOUGH,17,ILLINOIS
48395,509,ROBERTSON,48,TEXAS
26109,508,MENOMINEE,26,MICHIGAN
21187,508,OWEN,21,KENTUCKY
48159,507,FRANKLIN,48,TEXAS
18111,507,NEWTON,18,INDIANA
19111,506,LEE,19,IOWA
54051,505,MARSHALL,54,WEST VIRGINIA
51117,505,MECKLENBURG,51,VIRGINIA
05019,504,CLARK,05,ARKANSAS
28133,502,SUNFLOWER,28,MISSISSIPPI
56023,502,LINCOLN,56,WYOMING
21123,502,LARUE,21,KENTUCKY
20057,500,FORD,20,KANSAS
41061,500,UNION,41,OREGON
47071,500,HARDIN,47,TENNESSEE
22077,499,POINTE COUPEE,22,LOUISIANA
06011,499,COLUSA,06,CALIFORNIA
05057,498,HEMPSTEAD,05,ARKANSAS
21085,497,GRAYSON,21,KENTUCKY
05015,497,CARROLL,05,ARKANSAS
27045,497,FILLMORE,27,MINNESOTA
18027,496,DAVIESS,18,INDIANA
08107,494,ROUTT,08,COLORADO
47069,492,HARDEMAN,47,TENNESSEE
28017,492,CHICKASAW,28,MISSISSIPPI
22083,491,RICHLAND,22,LOUISIANA
36123,490,YATES,36,NEW YORK
51167,490,RUSSELL,51,VIRGINIA
28025,489,CLAY,28,MISSISSIPPI
13291,489,UNION,13,GEORGIA
01133,489,WINSTON,01,ALABAMA
17085,488,JO DAVIESS,17,ILLINOIS
55103,487,RICHLAND,55,WISCONSIN
13305,487,WAYNE,13,GEORGIA
49037,485,SAN JUAN,49,UTAH
19187,483,WEBSTER,19,IOWA
48343,482,MORRIS,48,TEXAS
16067,482,MINIDOKA,16,IDAHO
28091,482,MARION,28,MISSISSIPPI
27047,481,FREEBORN,27,MINNESOTA
06027,480,INYO,06,CALIFORNIA
56029,480,PARK,56,WYOMING
47139,480,POLK,47,TENNESSEE
01005,480,BARBOUR,01,ALABAMA
51790,479,STAUNTON,51,VIRGINIA
40035,477,CRAIG,40,OKLAHOMA
35047,477,SAN MIGUEL,35,NEW MEXICO
39125,476,PAULDING,39,OHIO
18075,476,JAY,18,INDIANA
48059,475,CALLAHAN,48,TEXAS
05037,474,CROSS,05,ARKANSAS
51197,473,WYTHE,51,VIRGINIA
54077,473,PRESTON,54,WEST VIRGINIA
01057,472,FAYETTE,01,ALABAMA
46013,471,BROWN,46,SOUTH DAKOTA
37149,471,POLK,37,NORTH CAROLINA
29143,470,NEW MADRID,29,MISSOURI
13111,470,FANNIN,13,GEORGIA
13279,468,TOOMBS,13,GEORGIA
26079,467,KALKASKA,26,MICHIGAN
01065,466,HALE,01,ALABAMA
21097,466,HARRISON,21,KENTUCKY
54053,465,MASON,54,WEST VIRGINIA
48177,465,GONZALES,48,TEXAS
55061,463,KEWAUNEE,55,WISCONSIN
16043,463,FREMONT,16,IDAHO
13257,462,STEPHENS,13,GEORGIA
54043,462,LINCOLN,54,WEST VIRGINIA
13149,461,HEARD,13,GEORGIA
55067,460,LANGLADE,55,WISCONSIN
28061,460,JASPER,28,MISSISSIPPI
08015,460,CHAFFEE,08,COLORADO
04012,459,LA PAZ,04,ARIZONA
28141,459,TISHOMINGO,28,MISSISSIPPI
13183,458,LONG,13,GEORGIA
05103,458,OUACHITA,05,ARKANSAS
12125,458,UNION,12,FLORIDA
13205,458,MITCHELL,13,GEORGIA
17005,457,BOND,17,ILLINOIS
01037,456,COOSA,01,ALABAMA
48379,455,RAINS,48,TEXAS
22085,455,SABINE,22,LOUISIANA
18131,455,PULASKI,18,INDIANA
28015,453,CARROLL,28,MISSISSIPPI
51163,453,ROCKBRIDGE,51,VIRGINIA
51147,453,PRINCE EDWARD,51,VIRGINIA
31047,452,DAWSON,31,NEBRASKA
48057,451,CALHOUN,48,TEXAS
01087,451,MACON,01,ALABAMA
27057,450,HUBBARD,27,MINNESOTA
13267,450,TATTNALL,13,GEORGIA
17039,450,DE WITT,17,ILLINOIS
01025,449,CLARKE,01,ALABAMA
21013,449,BELL,21,KENTUCKY
27001,449,AITKIN,27,MINNESOTA
51750,449,RADFORD,51,VIRGINIA
16073,448,OWYHEE,16,IDAHO
05027,448,COLUMBIA,05,ARKANSAS
28139,445,TIPPAH,28,MISSISSIPPI
48419,444,SHELBY,48,TEXAS
17189,443,WASHINGTON,17,ILLINOIS
19095,443,IOWA,19,IOWA
20175,442,SEWARD,20,KANSAS
31001,441,ADAMS,31,NEBRASKA
16013,441,BLAINE,16,IDAHO
13261,439,SUMTER,13,GEORGIA
31131,439,OTOE,31,NEBRASKA
05071,439,JOHNSON,05,ARKANSAS
29229,438,WRIGHT,29,MISSOURI
47171,438,UNICOI,47,TENNESSEE
27083,438,LYON,27,MINNESOTA
47185,438,WHITE,47,TENNESSEE
19059,437,DICKINSON,19,IOWA
19085,436,HARRISON,19,IOWA
17051,435,FAYETTE,17,ILLINOIS
29139,435,MONTGOMERY,29,MISSOURI
21193,435,PERRY,21,KENTUCKY
29067,435,DOUGLAS,29,MISSOURI
48063,434,CAMP,48,TEXAS
50019,433,ORLEANS,50,VERMONT
06051,433,MONO,06,CALIFORNIA
21041,433,CARROLL,21,KENTUCKY
35057,433,TORRANCE,35,NEW MEXICO
48009,432,ARCHER,48,TEXAS
18121,431,PARKE,18,INDIANA
56009,431,CONVERSE,56,WYOMING
37007,431,ANSON,37,NORTH CAROLINA
37039,431,CHEROKEE,37,NORTH CAROLINA
05075,430,LAWRENCE,05,ARKANSAS
21233,430,WEBSTER,21,KENTUCKY
51139,430,PAGE,51,VIRGINIA
13133,430,GREENE,13,GEORGIA
29215,428,TEXAS,29,MISSOURI
35017,428,GRANT,35,NEW MEXICO
21043,427,CARTER,21,KENTUCKY
55053,427,JACKSON,55,WISCONSIN
20041,427,DICKINSON,20,KANSAS
21161,424,MASON,21,KENTUCKY
48089,423,COLORADO,48,TEXAS
19097,423,JACKSON,19,IOWA
20085,423,JACKSON,20,KANSAS
05149,423,YELL,05,ARKANSAS
17129,422,MENARD,17,ILLINOIS
38077,422,RICHLAND,38,NORTH DAKOTA
48341,422,MOORE,48,TEXAS
20099,421,LABETTE,20,KANSAS
51025,421,BRUNSWICK,51,VIRGINIA
17145,420,PERRY,17,ILLINOIS
18009,420,BLACKFORD,18,INDIANA
39105,418,MEIGS,39,OHIO
29157,417,PERRY,29,MISSOURI
21223,416,TRIMBLE,21,KENTUCKY
27055,416,HOUSTON,27,MINNESOTA
26033,416,CHIPPEWA,26,MICHIGAN
54005,416,BOONE,54,WEST VIRGINIA
29217,416,VERNON,29,MISSOURI
29195,413,SALINE,29,MISSOURI
35055,413,TAOS,35,NEW MEXICO
30043,413,JEFFERSON,30,MONTANA
19087,410,HENRY,19,IOWA
27015,410,BROWN,27,MINNESOTA
45069,409,MARLBORO,45,SOUTH CAROLINA
28027,409,COAHOMA,28,MISSISSIPPI
08075,408,LOGAN,08,COLORADO
12065,408,JEFFERSON,12,FLORIDA
55129,408,WASHBURN,55,WISCONSIN
39067,405,HARRISON,39,OHIO
29135,405,MONITEAU,29,MISSOURI
50013,405,GRAND ISLE,50,VERMONT
08019,403,CLEAR CREEK,08,COLORADO
48123,403,DE WITT,48,TEXAS
21177,402,MUHLENBERG,21,KENTUCKY
51169,402,SCOTT,51,VIRGINIA
22093,402,ST JAMES,22,LOUISIANA
47121,402,MEIGS,47,TENNESSEE
55011,400,BUFFALO,55,WISCONSIN
48077,400,CLAY,48,TEXAS
37015,400,BERTIE,37,NORTH CAROLINA
48287,399,LEE,48,TEXAS
35041,399,ROOSEVELT,35,NEW MEXICO
01129,399,WASHINGTON,01,ALABAMA
37091,399,HERTFORD,37,NORTH CAROLINA
53055,399,SAN JUAN,53,WASHINGTON
53001,399,ADAMS,53,WASHINGTON
48285,398,LAVACA,48,TEXAS
48031,397,BLANCO,48,TEXAS
26007,397,ALPENA,26,MICHIGAN
56041,396,UINTA,56,WYOMING
51001,396,ACCOMACK,51,VIRGINIA
48489,396,WILLACY,48,TEXAS
21061,395,EDMONSON,21,KENTUCKY
05105,395,PERRY,05,ARKANSAS
23029,394,WASHINGTON,23,MAINE
28163,394,YAZOO,28,MISSISSIPPI
37185,394,WARREN,37,NORTH CAROLINA
29011,394,BARTON,29,MISSOURI
16047,393,GOODING,16,IDAHO
17015,392,CARROLL,17,ILLINOIS
26043,390,DICKINSON,26,MICHIGAN
56039,389,TETON,56,WYOMING
55023,389,CRAWFORD,55,WISCONSIN
17045,389,EDGAR,17,ILLINOIS
05049,388,FULTON,05,ARKANSAS
29001,388,ADAIR,29,MISSOURI
45011,388,BARNWELL,45,SOUTH CAROLINA
01041,386,CRENSHAW,01,ALABAMA
48313,386,MADISON,48,TEXAS
29163,385,PIKE,29,MISSOURI
37175,385,TRANSYLVANIA,37,NORTH CAROLINA
46135,384,YANKTON,46,SOUTH DAKOTA
24023,384,GARRETT,24,MARYLAND
48145,384,FALLS,48,TEXAS
21099,384,HART,21,KENTUCKY
37117,383,MARTIN,37,NORTH CAROLINA
21217,383,TAYLOR,21,KENTUCKY
05135,382,SHARP,05,ARKANSAS
26085,382,LAKE,26,MICHIGAN
29123,382,MADISON,29,MISSOURI
19023,382,BUTLER,19,IOWA
17023,382,CLARK,17,ILLINOIS
28007,381,ATTALA,28,MISSISSIPPI
36049,380,LEWIS,36,NEW YORK
48239,380,JACKSON,48,TEXAS
45087,379,UNION,45,SOUTH CAROLINA
51173,378,SMYTH,51,VIRGINIA
49023,378,JUAB,49,UTAH
48093,378,COMANCHE,48,TEXAS
19167,377,SIOUX,19,IOWA
48179,377,GRAY,48,TEXAS
28131,375,STONE,28,MISSISSIPPI
46065,374,HUGHES,46,SOUTH DAKOTA
28051,374,HOLMES,28,MISSISSIPPI
51735,373,POQUOSON,51,VIRGINIA
37009,373,ASHE,37,NORTH CAROLINA
08003,372,ALAMOSA,08,COLORADO
48233,371,HUTCHINSON,48,TEXAS
18025,370,CRAWFORD,18,INDIANA
05001,370,ARKANSAS,05,ARKANSAS
05021,370,CLAY,05,ARKANSAS
26041,369,DELTA,26,MICHIGAN
51011,369,APPOMATTOX,51,VIRGINIA
28005,368,AMITE,28,MISSISSIPPI
19171,368,TAMA,19,IOWA
55065,367,LAFAYETTE,55,WISCONSIN
08049,366,GRAND,08,COLORADO
35028,366,LOS ALAMOS,35,NEW MEXICO
53059,364,SKAMANIA,53,WASHINGTON
28161,364,YALOBUSHA,28,MISSISSIPPI
48133,363,EASTLAND,48,TEXAS
17035,363,CUMBERLAND,17,ILLINOIS
29025,362,CALDWELL,29,MISSOURI
19075,362,GRUNDY,19,IOWA
13081,362,CRISP,13,GEORGIA
54083,361,RANDOLPH,54,WEST VIRGINIA
49013,360,DUCHESNE,49,UTAH
21205,360,ROWAN,21,KENTUCKY
54045,360,LOGAN,54,WEST VIRGINIA
51125,360,NELSON,51,VIRGINIA
28009,360,BENTON,28,MISSISSIPPI
01107,359,PICKENS,01,ALABAMA
12029,359,DIXIE,12,FLORIDA
01085,358,LOWNDES,01,ALABAMA
19079,357,HAMILTON,19,IOWA
51119,355,MIDDLESEX,51,VIRGINIA
54025,355,GREENBRIER,54,WEST VIRGINIA
28129,354,SMITH,28,MISSISSIPPI
23021,353,PISCATAQUIS,23,MAINE
13023,352,BLECKLEY,13,GEORGIA
51083,351,HALIFAX,51,VIRGINIA
19157,351,POWESHIEK,19,IOWA
40095,350,MARSHALL,40,OKLAHOMA
18007,349,BENTON,18,INDIANA
21045,349,CASEY,21,KENTUCKY
21115,349,JOHNSON,21,KENTUCKY
40009,348,BECKHAM,40,OKLAHOMA
39163,348,VINTON,39,OHIO
05121,348,RANDOLPH,05,ARKANSAS
21023,347,BRACKEN,21,KENTUCKY
49007,347,CARBON,49,UTAH
22029,346,CONCORDIA,22,LOUISIANA
55119,346,TAYLOR,55,WISCONSIN
01091,346,MARENGO,01,ALABAMA
51063,346,FLOYD,51,VIRGINIA
21203,345,ROCKCASTLE,21,KENTUCKY
41031,344,JEFFERSON,41,OREGON
48175,344,GOLIAD,48,TEXAS
48387,344,RED RIVER,48,TEXAS
13289,344,TWIGGS,13,GEORGIA
21011,344,BATH,21,KENTUCKY
26001,342,ALCONA,26,MICHIGAN
26113,342,MISSAUKEE,26,MICHIGAN
18117,341,ORANGE,18,INDIANA
47153,341,SEQUATCHIE,47,TENNESSEE
30053,340,LINCOLN,30,MONTANA
17165,340,SALINE,17,ILLINOIS
19039,338,CLARKE,19,IOWA
51113,338,MADISON,51,VIRGINIA
40107,337,OKFUSKEE,40,OKLAHOMA
21197,337,POWELL,21,KENTUCKY
49029,337,MORGAN,49,UTAH
47087,337,JACKSON,47,TENNESSEE
20133,336,NEOSHO,20,KANSAS
17067,336,HANCOCK,17,ILLINOIS
48117,336,DEAF SMITH,48,TEXAS
20009,336,BARTON,20,KANSAS
13017,335,BEN HILL,13,GEORGIA
38089,335,STARK,38,NORTH DAKOTA
21225,334,UNION,21,KENTUCKY
29039,333,CEDAR,29,MISSOURI
40063,331,HUGHES,40,OKLAHOMA
40149,331,WASHITA,40,OKLAHOMA
51049,331,CUMBERLAND,51,VIRGINIA
19043,330,CLAYTON,19,IOWA
13105,328,ELBERT,13,GEORGIA
47005,328,BENTON,47,TENNESSEE
21001,327,ADAIR,21,KENTUCKY
18125,325,PIKE,18,INDIANA
21065,325,ESTILL,21,KENTUCKY
19115,323,LOUISA,19,IOWA
05041,323,DESHA,05,ARKANSAS
28153,323,WAYNE,28,MISSISSIPPI
20005,322,ATCHISON,20,KANSAS
54041,322,LEWIS,54,WEST VIRGINIA
51071,321,GILES,51,VIRGINIA
27143,321,SIBLEY,27,MINNESOTA
51135,320,NOTTOWAY,51,VIRGINIA
29017,319,BOLLINGER,29,MISSOURI
18123,318,PERRY,18,INDIANA
40105,318,NOWATA,40,OKLAHOMA
16041,317,FRANKLIN,16,IDAHO
13091,317,DODGE,13,GEORGIA
40023,317,CHOCTAW,40,OKLAHOMA
28001,317,ADAMS,28,MISSISSIPPI
32013,314,HUMBOLDT,32,NEVADA
29093,313,IRON,29,MISSOURI
40099,312,MURRAY,40,OKLAHOMA
21155,312,MARION,21,KENTUCKY
48315,312,MARION,48,TEXAS
54065,312,MORGAN,54,WEST VIRGINIA
19065,312,FAYETTE,19,IOWA
37143,311,PERQUIMANS,37,NORTH CAROLINA
54091,311,TAYLOR,54,WEST VIRGINIA
26039,311,CRAWFORD,26,MICHIGAN
18171,310,WARREN,18,INDIANA
16015,308,BOISE,16,IDAHO
08089,307,OTERO,08,COLORADO
05025,307,CLEVELAND,05,ARKANSAS
40073,307,KINGFISHER,40,OKLAHOMA
29117,306,LIVINGSTON,29,MISSOURI
05003,306,ASHLEY,05,ARKANSAS
19021,306,BUENA VISTA,19,IOWA
21033,305,CALDWELL,21,KENTUCKY
17159,305,RICHLAND,17,ILLINOIS
01099,305,MONROE,01,ALABAMA
01029,304,CLEBURNE,01,ALABAMA
41049,304,MORROW,41,OREGON
40103,304,NOBLE,40,OKLAHOMA
48279,304,LAMB,48,TEXAS
20107,303,LINN,20,KANSAS
19055,303,DELAWARE,19,IOWA
29063,302,DE KALB,29,MISSOURI
47039,302,DECATUR,47,TENNESSEE
17061,302,GREENE,17,ILLINOIS
38093,302,STUTSMAN,38,NORTH DAKOTA
45009,302,BAMBERG,45,SOUTH CAROLINA
37073,300,GATES,37,NORTH CAROLINA
29147,300,NODAWAY,29,MISSOURI
30067,300,PARK,30,MONTANA
31151,298,SALINE,31,NEBRASKA
26061,297,HOUGHTON,26,MICHIGAN
53043,297,LINCOLN,53,WASHINGTON
48503,296,YOUNG,48,TEXAS
41001,296,BAKER,41,OREGON
55113,296,SAWYER,55,WISCONSIN
05089,295,MARION,05,ARKANSAS
21087,295,GREEN,21,KENTUCKY
40089,295,MCCURTAIN,40,OKLAHOMA
54059,293,MINGO,54,WEST VIRGINIA
47085,293,HUMPHREYS,47,TENNESSEE
46027,292,CLAY,46,SOUTH DAKOTA
19083,291,HARDIN,19,IOWA
21119,291,KNOTT,21,KENTUCKY
55007,290,BAYFIELD,55,WISCONSIN
37199,289,YANCEY,37,NORTH CAROLINA
17025,289,CLAY,17,ILLINOIS
13155,288,IRWIN,13,GEORGIA
47161,287,STEWART,47,TENNESSEE
30009,287,CARBON,30,MONTANA
19077,286,GUTHRIE,19,IOWA
37011,286,AVERY,37,NORTH CAROLINA
18155,286,SWITZERLAND,18,INDIANA
05141,285,VAN BUREN,05,ARKANSAS
21219,285,TODD,21,KENTUCKY
21069,285,FLEMING,21,KENTUCKY
12013,283,CALHOUN,12,FLORIDA
28077,279,LAWRENCE,28,MISSISSIPPI
45081,279,SALUDA,45,SOUTH CAROLINA
27113,278,PENNINGTON,27,MINNESOTA
13109,278,EVANS,13,GEORGIA
46019,278,BUTTE,46,SOUTH DAKOTA
08097,277,PITKIN,08,COLORADO
51097,277,KING AND QUEEN,51,VIRGINIA
48475,277,WARD,48,TEXAS
17127,276,MASSAC,17,ILLINOIS
48353,275,NOLAN,48,TEXAS
05067,275,JACKSON,05,ARKANSAS
51081,273,GREENSVILLE,51,VIRGINIA
17193,273,WHITE,17,ILLINOIS
17191,273,WAYNE,17,ILLINOIS
51057,272,ESSEX,51,VIRGINIA
16085,272,VALLEY,16,IDAHO
48351,272,NEWTON,48,TEXAS
51141,271,PATRICK,51,VIRGINIA
13043,271,CANDLER,13,GEORGIA
21077,270,GALLATIN,21,KENTUCKY
27023,270,CHIPPEWA,27,MINNESOTA
19101,270,JEFFERSON,19,IOWA
29181,270,RIPLEY,29,MISSOURI
13251,269,SCREVEN,13,GEORGIA
21139,269,LIVINGSTON,21,KENTUCKY
21091,268,HANCOCK,21,KENTUCKY
22027,268,CLAIBORNE,22,LOUISIANA
08047,267,GILPIN,08,COLORADO
22021,267,CALDWELL,22,LOUISIANA
19027,267,CARROLL,19,IOWA
06105,267,TRINITY,06,CALIFORNIA
51133,266,NORTHUMBERLAND,51,VIRGINIA
17101,266,LAWRENCE,17,ILLINOIS
05107,265,PHILLIPS,05,ARKANSAS
31081,265,HAMILTON,31,NEBRASKA
13253,265,SEMINOLE,13,GEORGIA
39111,264,MONROE,39,OHIO
21127,264,LAWRENCE,21,KENTUCKY
51029,263,BUCKINGHAM,51,VIRGINIA
48131,263,DUVAL,48,TEXAS
51036,262,CHARLES CITY,51,VIRGINIA
37041,262,CHOWAN,37,NORTH CAROLINA
29089,262,HOWARD,29,MISSOURI
01027,262,CLAY,01,ALABAMA
27159,262,WADENA,27,MINNESOTA
22041,261,FRANKLIN,22,LOUISIANA
05061,261,HOWARD,05,ARKANSAS
40077,261,LATIMER,40,OKLAHOMA
54097,261,UPSHUR,54,WEST VIRGINIA
13093,260,DOOLY,13,GEORGIA
22127,260,WINN,22,LOUISIANA
20197,259,WABAUNSEE,20,KANSAS
05017,259,CHICOT,05,ARKANSAS
08071,259,LAS ANIMAS,08,COLORADO
21221,259,TRIGG,21,KENTUCKY
38105,258,WILLIAMS,38,NORTH DAKOTA
20001,258,ALLEN,20,KANSAS
51027,258,BUCHANAN,51,VIRGINIA
29057,257,DADE,29,MISSOURI
21031,257,BUTLER,21,KENTUCKY
21075,257,FULTON,21,KENTUCKY
48119,256,DELTA,48,TEXAS
51690,255,MARTINSVILLE,51,VIRGINIA
29133,255,MISSISSIPPI,29,MISSOURI
51077,255,GRAYSON,51,VIRGINIA
40153,255,WOODWARD,40,OKLAHOMA
55107,255,RUSK,55,WISCONSIN
17187,254,WARREN,17,ILLINOIS
48415,254,SCURRY,48,TEXAS
27121,254,POPE,27,MINNESOTA
48237,254,JACK,48,TEXAS
29173,254,RALLS,29,MISSOURI
25007,253,DUKES,25,MASSACHUSETTS
13049,253,CHARLTON,13,GEORGIA
48403,252,SABINE,48,TEXAS
19041,251,CLAY,19,IOWA
31185,251,YORK,31,NEBRASKA
49015,250,EMERY,49,UTAH
40139,250,TEXAS,40,OKLAHOMA
13107,250,EMANUEL,13,GEORGIA
37173,249,SWAIN,37,NORTH CAROLINA
12047,249,HAMILTON,12,FLORIDA
47169,249,TROUSDALE,47,TENNESSEE
13191,249,MCINTOSH,13,GEORGIA
29125,249,MARIES,29,MISSOURI
51620,248,FRANKLIN,51,VIRGINIA
48163,248,FRIO,48,TEXAS
29121,248,MACON,29,MISSOURI
01013,248,BUTLER,01,ALABAMA
37121,248,MITCHELL,37,NORTH CAROLINA
29155,248,PEMISCOT,29,MISSOURI
28065,247,JEFFERSON DAVIS,28,MISSISSIPPI
27127,247,REDWOOD,27,MINNESOTA
37187,247,WASHINGTON,37,NORTH CAROLINA
45049,246,HAMPTON,45,SOUTH CAROLINA
27129,246,RENVILLE,27,MINNESOTA
54067,246,NICHOLAS,54,WEST VIRGINIA
16049,246,IDAHO,16,IDAHO
28135,245,TALLAHATCHIE,28,MISSISSIPPI
28111,245,PERRY,28,MISSISSIPPI
29061,244,DAVIESS,29,MISSOURI
01035,244,CONECUH,01,ALABAMA
19189,244,WINNEBAGO,19,IOWA
21051,244,CLAY,21,KENTUCKY
17181,244,UNION,17,ILLINOIS
27091,243,MARTIN,27,MINNESOTA
35053,243,SOCORRO,35,NEW MEXICO
51157,243,RAPPAHANNOCK,51,VIRGINIA
17087,242,JOHNSON,17,ILLINOIS
54031,242,HARDY,54,WEST VIRGINIA
56007,241,CARBON,56,WYOMING
19071,241,FREMONT,19,IOWA
13005,241,BACON,13,GEORGIA
05109,240,PIKE,05,ARKANSAS
54001,240,BARBOUR,54,WEST VIRGINIA
53019,239,FERRY,53,WASHINGTON
26119,238,MONTMORENCY,26,MICHIGAN
21231,238,WAYNE,21,KENTUCKY
13273,238,TERRELL,13,GEORGIA
12079,238,MADISON,12,FLORIDA
48399,238,RUNNELS,48,TEXAS
40005,238,ATOKA,40,OKLAHOMA
29151,237,OSAGE,29,MISSOURI
40069,237,JOHNSTON,40,OKLAHOMA
27043,237,FARIBAULT,27,MINNESOTA
48425,236,SOMERVELL,48,TEXAS
05081,234,LITTLE RIVER,05,ARKANSAS
40011,234,BLAINE,40,OKLAHOMA
19035,234,CHEROKEE,19,IOWA
21135,234,LEWIS,21,KENTUCKY
08081,233,MOFFAT,08,COLORADO
13173,233,LANIER,13,GEORGIA
26097,233,MACKINAC,26,MICHIGAN
54063,232,MONROE,54,WEST VIRGINIA
48445,230,TERRY,48,TEXAS
19195,230,WORTH,19,IOWA
56015,230,GOSHEN,56,WYOMING
08051,229,GUNNISON,08,COLORADO
05133,229,SEVIER,05,ARKANSAS
19025,229,CALHOUN,19,IOWA
47007,229,BLEDSOE,47,TENNESSEE
46125,229,TURNER,46,SOUTH DAKOTA
16087,229,WASHINGTON,16,IDAHO
47061,229,GRUNDY,47,TENNESSEE
51111,229,LUNENBURG,51,VIRGINIA
21133,228,LETCHER,21,KENTUCKY
40085,228,LOVE,40,OKLAHOMA
20013,228,BROWN,20,KANSAS
22123,227,WEST CARROLL,22,LOUISIANA
28021,226,CLAIBORNE,28,MISSISSIPPI
19067,226,FLOYD,19,IOWA
31023,225,BUTLER,31,NEBRASKA
22125,225,WEST FELICIANA,22,LOUISIANA
13209,225,MONTGOMERY,13,GEORGIA
20003,225,ANDERSON,20,KANSAS
13235,225,PULASKI,13,GEORGIA
05065,224,IZARD,05,ARKANSAS
28069,224,KEMPER,28,MISSISSIPPI
12045,224,GULF,12,FLORIDA
38071,224,RAMSEY,38,NORTH DAKOTA
17071,223,HENDERSON,17,ILLINOIS
48405,223,SAN AUGUSTINE,48,TEXAS
22023,222,CAMERON,22,LOUISIANA
51037,222,CHARLOTTE,51,VIRGINIA
20159,221,RICE,20,KANSAS
22059,221,LA SALLE,22,LOUISIANA
19007,220,APPANOOSE,19,IOWA
28155,219,WEBSTER,28,MISSISSIPPI
27075,219,LAKE,27,MINNESOTA
31021,219,BURT,31,NEBRASKA
21007,219,BALLARD,21,KENTUCKY
51183,218,SUSSEX,51,VIRGINIA
20115,218,MARION,20,KANSAS
13193,218,MACON,13,GEORGIA
20011,218,BOURBON,20,KANSAS
29115,218,LINN,29,MISSOURI
19001,218,ADAIR,19,IOWA
48305,217,LYNN,48,TEXAS
51830,217,WILLIAMSBURG,51,VIRGINIA
54105,216,WIRT,54,WEST VIRGINIA
22065,215,MADISON,22,LOUISIANA
20073,215,GREENWOOD,20,KANSAS
18115,214,OHIO,18,INDIANA
21149,214,MCLEAN,21,KENTUCKY
30041,214,HILL,30,MONTANA
19191,214,WINNESHIEK,19,IOWA
54103,214,WETZEL,54,WEST VIRGINIA
19137,213,MONTGOMERY,19,IOWA
13161,213,JEFF DAVIS,13,GEORGIA
12077,213,LIBERTY,12,FLORIDA
05127,213,SCOTT,05,ARKANSAS
30095,212,STILLWATER,30,MONTANA
48487,211,WILBARGER,48,TEXAS
17017,211,CASS,17,ILLINOIS
29137,211,MONROE,29,MISSOURI
48369,210,PARMER,48,TEXAS
19073,209,GREENE,19,IOWA
54023,209,GRANT,54,WEST VIRGINIA
38097,209,TRAILL,38,NORTH DAKOTA
29085,209,HICKORY,29,MISSOURI
55003,209,ASHLAND,55,WISCONSIN
26141,209,PRESQUE ISLE,26,MICHIGAN
20143,209,OTTAWA,20,KANSAS
02050,209,BETHEL,02,ALASKA
50009,208,ESSEX,50,VERMONT
51105,207,LEE,51,VIRGINIA
13271,207,TELFAIR,13,GEORGIA
21109,207,JACKSON,21,KENTUCKY
48115,205,DAWSON,48,TEXAS
31179,205,WAYNE,31,NEBRASKA
21207,205,RUSSELL,21,KENTUCKY
40093,205,MAJOR,40,OKLAHOMA
48377,204,PRESIDIO,48,TEXAS
16079,203,SHOSHONE,16,IDAHO
27167,203,WILKIN,27,MINNESOTA
51103,203,LANCASTER,51,VIRGINIA
19047,203,CRAWFORD,19,IOWA
19069,202,FRANKLIN,19,IOWA
08105,201,RIO GRANDE,08,COLORADO
47181,201,WAYNE,47,TENNESSEE
19145,201,PAGE,19,IOWA
17149,200,PIKE,17,ILLINOIS
48255,200,KARNES,48,TEXAS
19141,200,O BRIEN,19,IOWA
01075,200,LAMAR,01,ALABAMA
48003,200,ANDREWS,48,TEXAS
48043,199,BREWSTER,48,TEXAS
28147,198,WALTHALL,28,MISSISSIPPI
19081,198,HANCOCK,19,IOWA
19175,198,UNION,19,IOWA
49025,197,KANE,49,UTAH
20095,197,KINGMAN,20,KANSAS
13167,197,JOHNSON,13,GEORGIA
47127,196,MOORE,47,TENNESSEE
13163,196,JEFFERSON,13,GEORGIA
16063,196,LINCOLN,16,IDAHO
48371,196,PECOS,48,TEXAS
27089,195,MARSHALL,27,MINNESOTA
21143,195,LYON,21,KENTUCKY
28159,194,WINSTON,28,MISSISSIPPI
48065,194,CARSON,48,TEXAS
02261,194,VALDEZ CORDOVA,02,ALASKA
13281,194,TOWNS,13,GEORGIA
54085,192,RITCHIE,54,WEST VIRGINIA
51181,192,SURRY,51,VIRGINIA
54109,192,WYOMING,54,WEST VIRGINIA
01119,192,SUMTER,01,ALABAMA
48193,191,HAMILTON,48,TEXAS
28041,190,GREENE,28,MISSISSIPPI
05077,189,LEE,05,ARKANSAS
13099,189,EARLY,13,GEORGIA
30003,189,BIG HORN,30,MONTANA
13319,189,WILKINSON,13,GEORGIA
48505,188,ZAPATA,48,TEXAS
22081,188,RED RIVER,22,LOUISIANA
30089,188,SANDERS,30,MONTANA
18161,187,UNION,18,INDIANA
29111,187,LEWIS,29,MISSOURI
19107,187,KEOKUK,19,IOWA
20043,187,DONIPHAN,20,KANSAS
31093,187,HOWARD,31,NEBRASKA
39121,186,NOBLE,39,OHIO
19165,186,SHELBY,19,IOWA
46079,185,LAKE,46,SOUTH DAKOTA
30035,185,GLACIER,30,MONTANA
29185,185,ST CLAIR,29,MISSOURI
05099,185,NEVADA,05,ARKANSAS
47027,185,CLAY,47,TENNESSEE
31039,183,CUMING,31,NEBRASKA
48437,183,SWISHER,48,TEXAS
47091,183,JOHNSON,47,TENNESSEE
47083,182,HOUSTON,47,TENNESSEE
16009,181,BENEWAH,16,IDAHO
51005,181,ALLEGHANY,51,VIRGINIA
19037,181,CHICKASAW,19,IOWA
13249,180,SCHLEY,13,GEORGIA
28013,179,CALHOUN,28,MISSISSIPPI
13001,177,APPLING,13,GEORGIA
19029,177,CASS,19,IOWA
47049,177,FENTRESS,47,TENNESSEE
18101,177,MARTIN,18,INDIANA
47101,176,LEWIS,47,TENNESSEE
46033,176,CUSTER,46,SOUTH DAKOTA
13241,175,RABUN,13,GEORGIA
32033,175,WHITE PINE,32,NEVADA
05079,175,LINCOLN,05,ARKANSAS
51159,174,RICHMOND,51,VIRGINIA
31121,174,MERRICK,31,NEBRASKA
19119,174,LYON,19,IOWA
40061,173,HASKELL,40,OKLAHOMA
48429,173,STEPHENS,48,TEXAS
54007,173,BRAXTON,54,WEST VIRGINIA
47151,173,SCOTT,47,TENNESSEE
21095,173,HARLAN,21,KENTUCKY
22025,173,CATAHOULA,22,LOUISIANA
04011,173,GREENLEE,04,ARIZONA
16077,172,POWER,16,IDAHO
35051,171,SIERRA,35,NEW MEXICO
28053,171,HUMPHREYS,28,MISSISSIPPI
55091,170,PEPIN,55,WISCONSIN
17155,170,PUTNAM,17,ILLINOIS
28119,168,QUITMAN,28,MISSISSIPPI
31137,168,PHELPS,31,NEBRASKA
51131,168,NORTHAMPTON,51,VIRGINIA
48507,168,ZAVALA,48,TEXAS
01131,167,WILCOX,01,ALABAMA
27135,167,ROSEAU,27,MINNESOTA
19197,167,WRIGHT,19,IOWA
05039,167,DALLAS,05,ARKANSAS
08007,166,ARCHULETA,08,COLORADO
19109,166,KOSSUTH,19,IOWA
02150,166,KODIAK ISLAND,02,ALASKA
38003,166,BARNES,38,NORTH DAKOTA
21229,166,WASHINGTON,21,KENTUCKY
56003,165,BIG HORN,56,WYOMING
40127,165,PUSHMATAHA,40,OKLAHOMA
37043,165,CLAY,37,NORTH CAROLINA
19131,164,MITCHELL,19,IOWA
05117,164,PRAIRIE,05,ARKANSAS
20027,163,CLAY,20,KANSAS
28019,163,CHOCTAW,28,MISSISSIPPI
48165,163,GAINES,48,TEXAS
46117,162,STANLEY,46,SOUTH DAKOTA
27105,162,NOBLES,27,MINNESOTA
48083,161,COLEMAN,48,TEXAS
27063,159,JACKSON,27,MINNESOTA
27133,158,ROCK,27,MINNESOTA
13301,158,WARREN,13,GEORGIA
49027,158,MILLARD,49,UTAH
13197,157,MARION,13,GEORGIA
02130,157,KETCHIKAN GATEWAY,02,ALASKA
17185,157,WABASH,17,ILLINOIS
16081,157,TETON,16,IDAHO
13263,156,TALBOT,13,GEORGIA
46005,156,BEADLE,46,SOUTH DAKOTA
19133,155,MONONA,19,IOWA
48107,155,CROSBY,48,TEXAS
27033,154,COTTONWOOD,27,MINNESOTA
54087,154,ROANE,54,WEST VIRGINIA
31127,154,NEMAHA,31,NEBRASKA
17033,154,CRAWFORD,17,ILLINOIS
29075,154,GENTRY,29,MISSOURI
46101,154,MOODY,46,SOUTH DAKOTA
19161,154,SAC,19,IOWA
19005,153,ALLAMAKEE,19,IOWA
29065,153,DENT,29,MISSOURI
38055,153,MCLEAN,38,NORTH DAKOTA
17079,153,JASPER,17,ILLINOIS
02016,153,ALEUTIANS WEST,02,ALASKA
41037,153,LAKE,41,OREGON
31095,152,JEFFERSON,31,NEBRASKA
54089,151,SUMMERS,54,WEST VIRGINIA
20127,151,MORRIS,20,KANSAS
31139,150,PIERCE,31,NEBRASKA
19135,150,MONROE,19,IOWA
27107,150,NORMAN,27,MINNESOTA
48111,149,DALLAM,48,TEXAS
54047,149,MCDOWELL,54,WEST VIRGINIA
48335,149,MITCHELL,48,TEXAS
20069,149,GRAY,20,KANSAS
55041,149,FOREST,55,WISCONSIN
40033,148,COTTON,40,OKLAHOMA
29153,148,OZARK,29,MISSOURI
48297,147,LIVE OAK,48,TEXAS
29033,147,CARROLL,29,MISSOURI
29223,147,WAYNE,29,MISSOURI
54073,146,PLEASANTS,54,WEST VIRGINIA
17003,146,ALEXANDER,17,ILLINOIS
31097,146,JOHNSON,31,NEBRASKA
05137,146,STONE,05,ARKANSAS
01011,146,BULLOCK,01,ALABAMA
48495,145,WINKLER,48,TEXAS
21055,145,CRITTENDEN,21,KENTUCKY
56019,144,JOHNSON,56,WYOMING
31037,144,COLFAX,31,NEBRASKA
19177,144,VAN BUREN,19,IOWA
08065,143,LAKE,08,COLORADO
51051,143,DICKENSON,51,VIRGINIA
38099,143,WALSH,38,NORTH DAKOTA
30001,143,BEAVERHEAD,30,MONTANA
29087,143,HOLT,29,MISSOURI
13303,142,WASHINGTON,13,GEORGIA
48153,142,FLOYD,48,TEXAS
13181,142,LINCOLN,13,GEORGIA
06049,142,MODOC,06,CALIFORNIA
38079,141,ROLETTE,38,NORTH DAKOTA
27151,141,SWIFT,27,MINNESOTA
05101,141,NEWTON,05,ARKANSAS
37137,140,PAMLICO,37,NORTH CAROLINA
17065,140,HAMILTON,17,ILLINOIS
29205,140,SHELBY,29,MISSOURI
31099,140,KEARNEY,31,NEBRASKA
28037,139,FRANKLIN,28,MISSISSIPPI
29149,139,OREGON,29,MISSOURI
02290,139,YUKON KOYUKUK,02,ALASKA
55099,138,PRICE,55,WISCONSIN
48047,138,BROOKS,48,TEXAS
30017,138,CUSTER,30,MONTANA
29041,137,CHARITON,29,MISSOURI
12037,137,FRANKLIN,12,FLORIDA
17169,137,SCHUYLER,17,ILLINOIS
55037,137,FLORENCE,55,WISCONSIN
40003,136,ALFALFA,40,OKLAHOMA
21169,136,METCALFE,21,KENTUCKY
40075,136,KIOWA,40,OKLAHOMA
51115,135,MATHEWS,51,VIRGINIA
20205,135,WILSON,20,KANSAS
13283,135,TREUTLEN,13,GEORGIA
13201,134,MILLER,13,GEORGIA
19117,134,LUCAS,19,IOWA
16021,134,BOUNDARY,16,IDAHO
29079,134,GRUNDY,29,MISSOURI
21181,134,NICHOLAS,21,KENTUCKY
53013,134,COLUMBIA,53,WASHINGTON
02180,133,NOME,02,ALASKA
46037,133,DAY,46,SOUTH DAKOTA
28157,132,WILKINSON,28,MISSISSIPPI
20031,132,COFFEY,20,KANSAS
21147,131,MCCREARY,21,KENTUCKY
05011,131,BRADLEY,05,ARKANSAS
08055,131,HUERFANO,08,COLORADO
19091,131,HUMBOLDT,19,IOWA
20189,131,STEVENS,20,KANSAS
21025,130,BREATHITT,21,KENTUCKY
48307,130,MCCULLOCH,48,TEXAS
48017,129,BAILEY,48,TEXAS
17175,129,STARK,17,ILLINOIS
31041,128,CUSTER,31,NEBRASKA
31051,127,DIXON,31,NEBRASKA
30023,127,DEER LODGE,30,MONTANA
48391,126,REFUGIO,48,TEXAS
05097,126,MONTGOMERY,05,ARKANSAS
27101,126,MURRAY,27,MINNESOTA
48069,126,CASTRO,48,TEXAS
01023,126,CHOCTAW,01,ALABAMA
28097,126,MONTGOMERY,28,MISSISSIPPI
13165,126,JENKINS,13,GEORGIA
19009,126,AUDUBON,19,IOWA
51720,126,NORTON,51,VIRGINIA
46087,126,MCCOOK,46,SOUTH DAKOTA
31145,125,RED WILLOW,31,NEBRASKA
05095,124,MONROE,05,ARKANSAS
19051,124,DAVIS,19,IOWA
54095,123,TYLER,54,WEST VIRGINIA
13317,123,WILKES,13,GEORGIA
56043,123,WASHAKIE,56,WYOMING
40067,123,JEFFERSON,40,OKLAHOMA
19185,121,WAYNE,19,IOWA
49001,120,BEAVER,49,UTAH
16035,120,CLEARWATER,16,IDAHO
19089,120,HOWARD,19,IOWA
17153,119,PULASKI,17,ILLINOIS
48235,119,IRION,48,TEXAS
48207,119,HASKELL,48,TEXAS
25019,119,NANTUCKET,25,MASSACHUSETTS
02188,118,NORTHWEST ARCTIC,02,ALASKA
55078,118,MENOMINEE,55,WISCONSIN
17171,118,SCOTT,17,ILLINOIS
46057,118,HAMLIN,46,SOUTH DAKOTA
48317,117,MARTIN,48,TEXAS
19063,117,EMMET,19,IOWA
32017,116,LINCOLN,32,NEVADA
08099,115,PROWERS,08,COLORADO
05147,115,WOODRUFF,05,ARKANSAS
12123,115,TAYLOR,12,FLORIDA
49019,115,GRAND,49,UTAH
40151,115,WOODS,40,OKLAHOMA
31045,114,DAWES,31,NEBRASKA
08011,114,BENT,08,COLORADO
38061,114,MOUNTRAIL,38,NORTH DAKOTA
56011,113,CROOK,56,WYOMING
30007,113,BROADWATER,30,MONTANA
21039,113,CARLISLE,21,KENTUCKY
21165,112,MENIFEE,21,KENTUCKY
19053,112,DECATUR,19,IOWA
13003,112,ATKINSON,13,GEORGIA
30087,111,ROSEBUD,30,MONTANA
05113,111,POLK,05,ARKANSAS
31027,111,CEDAR,31,NEBRASKA
20151,110,PRATT,20,KANSAS
26053,110,GOGEBIC,26,MICHIGAN
26135,109,OSCODA,26,MICHIGAN
27165,109,WATONWAN,27,MINNESOTA
17047,109,EDWARDS,17,ILLINOIS
08027,109,CUSTER,08,COLORADO
54017,109,DODDRIDGE,54,WEST VIRGINIA
27051,108,GRANT,27,MINNESOTA
13309,108,WHEELER,13,GEORGIA
46113,108,SHANNON,46,SOUTH DAKOTA
27173,108,YELLOW MEDICINE,27,MINNESOTA
47095,107,LAKE,47,TENNESSEE
29211,106,SULLIVAN,29,MISSOURI
13053,105,CHATTAHOOCHEE,13,GEORGIA
02240,105,SOUTHEAST FAIRBANKS,02,ALASKA
13315,105,WILCOX,13,GEORGIA
06091,104,SIERRA,06,CALIFORNIA
21153,103,MAGOFFIN,21,KENTUCKY
46129,103,WALWORTH,46,SOUTH DAKOTA
40141,103,TILLMAN,40,OKLAHOMA
19147,102,PALO ALTO,19,IOWA
20131,102,NEMAHA,20,KANSAS
56031,101,PLATTE,56,WYOMING
48389,101,REEVES,48,TEXAS
51045,101,CRAIG,51,VIRGINIA
46109,101,ROBERTS,46,SOUTH DAKOTA
30061,101,MINERAL,30,MONTANA
45005,101,ALLENDALE,45,SOUTH CAROLINA
13007,101,BAKER,13,GEORGIA
51530,100,BUENA VISTA,51,VIRGINIA
30027,100,FERGUS,30,MONTANA
35033,100,MORA,35,NEW MEXICO
51021,99,BLAND,51,VIRGINIA
21131,99,LESLIE,21,KENTUCKY
54015,99,CLAY,54,WEST VIRGINIA
16061,98,LEWIS,16,IDAHO
19143,97,OSCEOLA,19,IOWA
02270,96,WADE HAMPTON,02,ALASKA
08021,96,CONEJOS,08,COLORADO
48169,95,GARZA,48,TEXAS
38049,95,MCHENRY,38,NORTH DAKOTA
22035,95,EAST CARROLL,22,LOUISIANA
20077,94,HARPER,20,KANSAS
29203,94,SHANNON,29,MISSOURI
32015,94,LANDER,32,NEVADA
48283,94,LA SALLE,48,TEXAS
48127,94,DIMMIT,48,TEXAS
27117,93,PIPESTONE,27,MINNESOTA
37005,93,ALLEGHANY,37,NORTH CAROLINA
27125,93,RED LAKE,27,MINNESOTA
27029,92,CLEARWATER,27,MINNESOTA
08091,92,OURAY,08,COLORADO
17059,91,GALLATIN,17,ILLINOIS
08025,90,CROWLEY,08,COLORADO
31161,90,SHERIDAN,31,NEBRASKA
02070,90,DILLINGHAM,02,ALASKA
40029,89,COAL,40,OKLAHOMA
05013,89,CALHOUN,05,ARKANSAS
30099,88,TETON,30,MONTANA
26013,88,BARAGA,26,MICHIGAN
31143,87,POLK,31,NEBRASKA
38005,87,BENSON,38,NORTH DAKOTA
20081,87,HASKELL,20,KANSAS
48501,87,YOAKUM,48,TEXAS
01105,87,PERRY,01,ALABAMA
28103,86,NOXUBEE,28,MISSISSIPPI
21171,86,MONROE,21,KENTUCKY
20029,86,CLOUD,20,KANSAS
35007,85,COLFAX,35,NEW MEXICO
31107,85,KNOX,31,NEBRASKA
31033,85,CHEYENNE,31,NEBRASKA
41023,85,GRANT,41,OREGON
26071,85,IRON,26,MICHIGAN
17013,84,CALHOUN,17,ILLINOIS
31101,84,KEITH,31,NEBRASKA
05073,83,LAFAYETTE,05,ARKANSAS
31003,83,ANTELOPE,31,NEBRASKA
48357,82,OCHILTREE,48,TEXAS
40007,81,BEAVER,40,OKLAHOMA
27071,80,KOOCHICHING,27,MINNESOTA
28063,80,JEFFERSON,28,MISSISSIPPI
27149,80,STEVENS,27,MINNESOTA
01063,80,GREENE,01,ALABAMA
21063,80,ELLIOTT,21,KENTUCKY
13101,80,ECHOLS,13,GEORGIA
20019,79,CHAUTAUQUA,20,KANSAS
54101,79,WEBSTER,54,WEST VIRGINIA
13287,79,TURNER,13,GEORGIA
46115,79,SPINK,46,SOUTH DAKOTA
29081,77,HARRISON,29,MISSOURI
51580,77,COVINGTON,51,VIRGINIA
32021,77,MINERAL,32,NEVADA
20093,76,KEARNY,20,KANSAS
46121,76,TODD,46,SOUTH DAKOTA
13141,75,HANCOCK,13,GEORGIA
20117,75,MARSHALL,20,KANSAS
48011,75,ARMSTRONG,48,TEXAS
35037,74,QUAY,35,NEW MEXICO
48229,74,HUDSPETH,48,TEXAS
48411,73,SAN SABA,48,TEXAS
13037,72,CALHOUN,13,GEORGIA
40045,72,ELLIS,40,OKLAHOMA
46009,72,BON HOMME,46,SOUTH DAKOTA
29035,72,CARTER,29,MISSOURI
40043,71,DEWEY,40,OKLAHOMA
13259,71,STEWART,13,GEORGIA
48247,71,JIM HOGG,48,TEXAS
38073,71,RANSOM,38,NORTH DAKOTA
27081,71,LINCOLN,27,MINNESOTA
30057,71,MADISON,30,MONTANA
20185,70,STAFFORD,20,KANSAS
20053,70,ELLSWORTH,20,KANSAS
29045,70,CLARK,29,MISSOURI
19093,69,IDA,19,IOWA
20193,69,THOMAS,20,KANSAS
30077,69,POWELL,30,MONTANA
40055,69,GREER,40,OKLAHOMA
20201,69,WASHINGTON,20,KANSAS
31123,69,MORRILL,31,NEBRASKA
20165,69,RUSH,20,KANSAS
17009,68,BROWN,17,ILLINOIS
29103,68,KNOX,29,MISSOURI
26153,68,SCHOOLCRAFT,26,MICHIGAN
31181,68,WEBSTER,31,NEBRASKA
46047,68,FALL RIVER,46,SOUTH DAKOTA
30065,68,MUSSELSHELL,30,MONTANA
08095,67,PHILLIPS,08,COLORADO
13239,67,QUITMAN,13,GEORGIA
46041,67,DEWEY,46,SOUTH DAKOTA
31083,67,HARLAN,31,NEBRASKA
08113,67,SAN MIGUEL,08,COLORADO
16003,67,ADAMS,16,IDAHO
51515,67,BEDFORD,51,VIRGINIA
55051,66,IRON,55,WISCONSIN
46039,66,DEUEL,46,SOUTH DAKOTA
30085,66,ROOSEVELT,30,MONTANA
56045,65,WESTON,56,WYOMING
47175,65,VAN BUREN,47,TENNESSEE
02220,65,SITKA,02,ALASKA
21053,64,CLINTON,21,KENTUCKY
48079,63,COCHRAN,48,TEXAS
21159,63,MARTIN,21,KENTUCKY
30097,63,SWEET GRASS,30,MONTANA
16029,63,CARIBOU,16,IDAHO
30083,62,RICHLAND,30,MONTANA
48129,61,DONLEY,48,TEXAS
40129,61,ROGER MILLS,40,OKLAHOMA
47067,60,HANCOCK,47,TENNESSEE
31173,60,THURSTON,31,NEBRASKA
38057,59,MERCER,38,NORTH DAKOTA
20167,59,RUSSELL,20,KANSAS
31147,59,RICHARDSON,31,NEBRASKA
31063,59,FRONTIER,31,NEBRASKA
08063,59,KIT CARSON,08,COLORADO
27031,58,COOK,27,MINNESOTA
48359,58,OLDHAM,48,TEXAS
38067,58,PEMBINA,38,NORTH DAKOTA
31059,58,FILLMORE,31,NEBRASKA
38009,58,BOTTINEAU,38,NORTH DAKOTA
19173,58,TAYLOR,19,IOWA
56035,57,SUBLETTE,56,WYOMING
31035,57,CLAY,31,NEBRASKA
20195,56,TREGO,20,KANSAS
08125,56,YUMA,08,COLORADO
38063,55,NELSON,38,NORTH DAKOTA
26003,55,ALGER,26,MICHIGAN
47135,55,PERRY,47,TENNESSEE
20145,55,PAWNEE,20,KANSAS
37095,54,HYDE,37,NORTH CAROLINA
12067,54,LAFAYETTE,12,FLORIDA
16071,54,ONEIDA,16,IDAHO
45065,54,MCCORMICK,45,SOUTH CAROLINA
20047,53,EDWARDS,20,KANSAS
26095,52,LUCE,26,MICHIGAN
30073,52,PONDERA,30,MONTANA
48435,52,SUTTON,48,TEXAS
46061,52,HANSON,46,SOUTH DAKOTA
20163,51,ROOKS,20,KANSAS
30039,51,GRANITE,30,MONTANA
48295,51,LIPSCOMB,48,TEXAS
30021,51,DAWSON,30,MONTANA
30005,49,BLAINE,30,MONTANA
08033,49,DOLORES,08,COLORADO
46067,49,HUTCHINSON,46,SOUTH DAKOTA
54071,48,PENDLETON,54,WEST VIRGINIA
17151,48,POPE,17,ILLINOIS
02201,48,PRINCE OF WALES OUTER,02,ALASKA
31087,48,HITCHCOCK,31,NEBRASKA
29005,47,ATCHISON,29,MISSOURI
27087,47,MAHNOMEN,27,MINNESOTA
19159,46,RINGGOLD,19,IOWA
20017,46,CHASE,20,KANSAS
38075,46,RENVILLE,38,NORTH DAKOTA
08103,46,RIO BLANCO,08,COLORADO
49017,46,GARFIELD,49,UTAH
26083,46,KEWEENAW,26,MICHIGAN
48075,45,CHILDRESS,48,TEXAS
46025,45,CLARK,46,SOUTH DAKOTA
46137,45,ZIEBACH,46,SOUTH DAKOTA
38045,44,LA MOURE,38,NORTH DAKOTA
41025,44,HARNEY,41,OREGON
29129,44,MERCER,29,MISSOURI
02068,43,DENALI,02,ALASKA
08109,43,SAGUACHE,08,COLORADO
32027,43,PERSHING,32,NEVADA
30015,43,CHOUTEAU,30,MONTANA
31013,43,BOX BUTTE,31,NEBRASKA
02232,42,SKAGWAY-HOONAH-ANGOON,02,ALASKA
48333,41,MILLS,48,TEXAS
46015,41,BRULE,46,SOUTH DAKOTA
31105,41,KIMBALL,31,NEBRASKA
31125,41,NANCE,31,NEBRASKA
46031,41,CORSON,46,SOUTH DAKOTA
21129,41,LEE,21,KENTUCKY
20007,40,BARBER,20,KANSAS
19003,40,ADAMS,19,IOWA
37075,40,GRAHAM,37,NORTH CAROLINA
48417,40,SHACKELFORD,48,TEXAS
21175,39,MORGAN,21,KENTUCKY
31031,39,CHERRY,31,NEBRASKA
31169,39,THAYER,31,NEBRASKA
02185,39,NORTH SLOPE,02,ALASKA
46003,38,AURORA,46,SOUTH DAKOTA
20119,38,MEADE,20,KANSAS
40059,38,HARPER,40,OKLAHOMA
40053,38,GRANT,40,OKLAHOMA
41063,37,WALLOWA,41,OREGON
49055,37,WAYNE,49,UTAH
46023,37,CHARLES MIX,46,SOUTH DAKOTA
46085,36,LYMAN,46,SOUTH DAKOTA
21237,36,WOLFE,21,KENTUCKY
13125,36,GLASCOCK,13,GEORGIA
20025,36,CLARK,20,KANSAS
21189,36,OWSLEY,21,KENTUCKY
46045,36,EDMUNDS,46,SOUTH DAKOTA
20049,35,ELK,20,KANSAS
48421,35,SHERMAN,48,TEXAS
27073,35,LAC QUI PARLE,27,MINNESOTA
48197,35,HARDEMAN,48,TEXAS
51595,34,EMPORIA,51,VIRGINIA
48385,34,REAL,48,TEXAS
48105,34,CROCKETT,48,TEXAS
31065,34,FURNAS,31,NEBRASKA
54013,33,CALHOUN,54,WEST VIRGINIA
48125,33,DICKENS,48,TEXAS
51678,33,LEXINGTON,51,VIRGINIA
26131,33,ONTONAGON,26,MICHIGAN
31061,33,FRANKLIN,31,NEBRASKA
08023,32,COSTILLA,08,COLORADO
48275,32,KNOX,48,TEXAS
38053,32,MCKENZIE,38,NORTH DAKOTA
31073,32,GOSPER,31,NEBRASKA
20207,32,WOODSON,20,KANSAS
48383,31,REAGAN,48,TEXAS
54093,31,TUCKER,54,WEST VIRGINIA
36041,30,HAMILTON,36,NEW YORK
29197,30,SCHUYLER,29,MISSOURI
48137,30,EDWARDS,48,TEXAS
20067,29,GRANT,20,KANSAS
02164,29,LAKE AND PENINSULA,02,ALASKA
46091,29,MARSHALL,46,SOUTH DAKOTA
20105,29,LINCOLN,20,KANSAS
40057,28,HARMON,40,OKLAHOMA
48483,28,WHEELER,48,TEXAS
49033,28,RICH,49,UTAH
46007,28,BENNETT,46,SOUTH DAKOTA
46077,28,KINGSBURY,46,SOUTH DAKOTA
20089,28,JEWELL,20,KANSAS
05129,27,SEARCY,05,ARKANSAS
20075,27,HAMILTON,20,KANSAS
38025,27,DUNN,38,NORTH DAKOTA
16023,27,BUTTE,16,IDAHO
17069,27,HARDIN,17,ILLINOIS
20109,27,LOGAN,20,KANSAS
19151,27,POCAHONTAS,19,IOWA
38085,27,SIOUX,38,NORTH DAKOTA
38091,26,STEELE,38,NORTH DAKOTA
13243,26,RANDOLPH,13,GEORGIA
54075,26,POCAHONTAS,54,WEST VIRGINIA
02280,25,WRANGELL PETERSBURG,02,ALASKA
08009,25,BACA,08,COLORADO
06003,25,ALPINE,06,CALIFORNIA
20157,25,REPUBLIC,20,KANSAS
51017,24,BATH,51,VIRGINIA
30105,24,VALLEY,30,MONTANA
46071,24,JACKSON,46,SOUTH DAKOTA
35023,24,HIDALGO,35,NEW MEXICO
48023,23,BAYLOR,48,TEXAS
46051,23,GRANT,46,SOUTH DAKOTA
48267,23,KIMBLE,48,TEXAS
48271,23,KINNEY,48,TEXAS
46111,22,SANBORN,46,SOUTH DAKOTA
20141,22,OSBORNE,20,KANSAS
38047,22,LOGAN,38,NORTH DAKOTA
48243,22,JEFF DAVIS,48,TEXAS
16007,22,BEAR LAKE,16,IDAHO
21057,22,CUMBERLAND,21,KENTUCKY
47137,22,PICKETT,47,TENNESSEE
13269,22,TAYLOR,13,GEORGIA
02013,22,ALEUTIANS EAST,02,ALASKA
46053,21,GREGORY,46,SOUTH DAKOTA
02100,21,HAINES,02,ALASKA
31129,21,NUCKOLLS,31,NEBRASKA
20065,21,GRAHAM,20,KANSAS
22107,21,TENSAS,22,LOUISIANA
31077,20,GREELEY,31,NEBRASKA
48191,20,HALL,48,TEXAS
38041,20,HETTINGER,38,NORTH DAKOTA
38043,20,KIDDER,38,NORTH DAKOTA
20171,19,SCOTT,20,KANSAS
38029,19,EMMONS,38,NORTH DAKOTA
27069,19,KITTSON,27,MINNESOTA
38065,19,OLIVER,38,NORTH DAKOTA
13065,19,CLINCH,13,GEORGIA
38019,19,CAVALIER,38,NORTH DAKOTA
20137,19,NORTON,20,KANSAS
31175,19,VALLEY,31,NEBRASKA
08073,19,LINCOLN,08,COLORADO
16059,18,LEMHI,16,IDAHO
31089,18,HOLT,31,NEBRASKA
46049,18,FAULK,46,SOUTH DAKOTA
30101,18,TOOLE,30,MONTANA
27077,17,LAKE OF THE WOODS,27,MINNESOTA
16037,17,CUSTER,16,IDAHO
38021,17,DICKEY,38,NORTH DAKOTA
29171,17,PUTNAM,29,MISSOURI
20123,16,MITCHELL,20,KANSAS
20181,10,SHERMAN,20,KANSAS
