FIPS,Outflows,County Name,State FIPS Code,State Name
06037,245959,LOS ANGELES,06,CALIFORNIA
17031,171269,COOK,17,ILLINOIS
48201,121938,HARRIS,48,TEXAS
06073,114115,SAN DIEGO,06,CALIFORNIA
06059,112946,ORANGE,06,CALIFORNIA
48113,110875,DALLAS,48,TEXAS
36081,96762,QUEENS,36,NEW YORK
36047,94744,KINGS,36,NEW YORK
36061,89059,NEW YORK,36,NEW YORK
04013,87481,MARICOPA,04,ARIZONA
06001,79633,ALAMEDA,06,CALIFORNIA
06085,75722,SANTA CLARA,06,CALIFORNIA
12011,74307,BROWARD,12,FLORIDA
51059,73835,FAIRFAX,51,VIRGINIA
53033,71390,KING,53,WASHINGTON
06071,71143,SAN BERNARDINO,06,CALIFORNIA
12086,69567,MIAMI-DADE,12,FLORIDA
25017,68277,MIDDLESEX,25,MASSACHUSETTS
13121,64087,FULTON,13,GEORGIA
48439,63415,TARRANT,48,TEXAS
06065,61755,RIVERSIDE,06,CALIFORNIA
17043,57075,DU PAGE,17,ILLINOIS
27053,56197,HENNEPIN,27,MINNESOTA
13089,55452,DE KALB,13,GEORGIA
12095,55405,ORANGE,12,FLORIDA
36005,55391,BRONX,36,NEW YORK
26163,54844,WAYNE,26,MICHIGAN
26125,48180,OAKLAND,26,MICHIGAN
25025,48097,SUFFOLK,25,MASSACHUSETTS
06075,47614,SAN FRANCISCO,06,CALIFORNIA
08031,47032,DENVER,08,COLORADO
32003,46590,CLARK,32,NEVADA
06067,46574,SACRAMENTO,06,CALIFORNIA
24031,46499,MONTGOMERY,24,MARYLAND
36059,45747,NASSAU,36,NEW YORK
29189,45480,ST LOUIS,29,MISSOURI
39049,45145,FRANKLIN,39,OHIO
48029,44936,BEXAR,48,TEXAS
48453,44786,TRAVIS,48,TEXAS
24033,44736,PRINCE GEORGE'S,24,MARYLAND
12057,43851,HILLSBOROUGH,12,FLORIDA
06013,43457,CONTRA COSTA,06,CALIFORNIA
13067,43235,COBB,13,GEORGIA
06081,40933,SAN MATEO,06,CALIFORNIA
12099,39201,PALM BEACH,12,FLORIDA
18097,38941,MARION,18,INDIANA
08005,38581,ARAPAHOE,08,COLORADO
41051,38139,MULTNOMAH,41,OREGON
36103,37047,SUFFOLK,36,NEW YORK
13135,36778,GWINNETT,13,GEORGIA
34023,36682,MIDDLESEX,34,NEW JERSEY
12031,36364,DUVAL,12,FLORIDA
39035,35739,CUYAHOGA,39,OHIO
24005,34677,BALTIMORE,24,MARYLAND
34017,34595,HUDSON,34,NEW JERSEY
11001,34011,"WASHINGTON, DC",11,DISTRICT OF COLUMBIA
34003,33756,BERGEN,34,NEW JERSEY
48085,33545,COLLIN,48,TEXAS
37119,33499,MECKLENBURG,37,NORTH CAROLINA
12103,33432,PINELLAS,12,FLORIDA
49035,33287,SALT LAKE,49,UTAH
36119,33284,WESTCHESTER,36,NEW YORK
34013,32242,ESSEX,34,NEW JERSEY
25021,32085,NORFOLK,25,MASSACHUSETTS
08059,31878,JEFFERSON,08,COLORADO
15003,31721,HONOLULU,15,HAWAII
53053,31410,PIERCE,53,WASHINGTON
27123,31403,RAMSEY,27,MINNESOTA
39061,30309,HAMILTON,39,OHIO
55079,29603,MILWAUKEE,55,WISCONSIN
47037,29404,DAVIDSON,47,TENNESSEE
48121,28696,DENTON,48,TEXAS
09001,28447,FAIRFIELD,09,CONNECTICUT
40109,27590,OKLAHOMA,40,OKLAHOMA
37183,27588,WAKE,37,NORTH CAROLINA
47157,27514,SHELBY,47,TENNESSEE
51810,27432,VIRGINIA BEACH,51,VIRGINIA
53061,26933,SNOHOMISH,53,WASHINGTON
06111,26879,VENTURA,06,CALIFORNIA
24510,26854,BALTIMORE CITY,24,MARYLAND
17097,26239,LAKE,17,ILLINOIS
08001,25910,ADAMS,08,COLORADO
51153,25721,PRINCE WILLIAM,51,VIRGINIA
12117,25678,SEMINOLE,12,FLORIDA
25009,25212,ESSEX,25,MASSACHUSETTS
08041,25020,EL PASO,08,COLORADO
29095,25008,JACKSON,29,MISSOURI
24003,24686,ANNE ARUNDEL,24,MARYLAND
34039,24613,UNION,34,NEW JERSEY
40143,24007,TULSA,40,OKLAHOMA
41067,23759,WASHINGTON,41,OREGON
51013,23364,ARLINGTON,51,VIRGINIA
26099,23126,MACOMB,26,MICHIGAN
09003,22532,HARTFORD,09,CONNECTICUT
09009,22388,NEW HAVEN,09,CONNECTICUT
04019,21944,PIMA,04,ARIZONA
29510,21690,ST LOUIS,29,MISSOURI
13063,21382,CLAYTON,13,GEORGIA
06077,20636,SAN JOAQUIN,06,CALIFORNIA
25027,20357,WORCESTER,25,MASSACHUSETTS
42101,20349,PHILADELPHIA,42,PENNSYLVANIA
37051,20292,CUMBERLAND,37,NORTH CAROLINA
48157,20256,FORT BEND,48,TEXAS
01073,20245,JEFFERSON,01,ALABAMA
20091,20091,JOHNSON,20,KANSAS
06095,19941,SOLANO,06,CALIFORNIA
34025,19930,MONMOUTH,34,NEW JERSEY
35001,19781,BERNALILLO,35,NEW MEXICO
21111,19621,JEFFERSON,21,KENTUCKY
34031,19603,PASSAIC,34,NEW JERSEY
34027,19409,MORRIS,34,NEW JERSEY
22071,19009,ORLEANS,22,LOUISIANA
27037,18926,DAKOTA,27,MINNESOTA
17089,18864,KANE,17,ILLINOIS
41005,18728,CLACKAMAS,41,OREGON
22051,18712,JEFFERSON,22,LOUISIANA
48141,18568,EL PASO,48,TEXAS
48027,18567,BELL,48,TEXAS
17197,18497,WILL,17,ILLINOIS
26081,18222,KENT,26,MICHIGAN
06053,17974,MONTEREY,06,CALIFORNIA
51510,17720,ALEXANDRIA,51,VIRGINIA
44007,17667,PROVIDENCE,44,RHODE ISLAND
39113,17544,MONTGOMERY,39,OHIO
06019,17221,FRESNO,06,CALIFORNIA
49049,17159,UTAH,49,UTAH
51710,16970,NORFOLK,51,VIRGINIA
31055,16682,DOUGLAS,31,NEBRASKA
25023,16112,PLYMOUTH,25,MASSACHUSETTS
48491,15783,WILLIAMSON,48,TEXAS
06099,15678,STANISLAUS,06,CALIFORNIA
36055,15465,MONROE,36,NEW YORK
51087,15384,HENRICO,51,VIRGINIA
06083,15313,SANTA BARBARA,06,CALIFORNIA
37081,15303,GUILFORD,37,NORTH CAROLINA
39153,15186,SUMMIT,39,OHIO
34007,15103,CAMDEN,34,NEW JERSEY
36029,15055,ERIE,36,NEW YORK
34035,15020,SOMERSET,34,NEW JERSEY
33011,15006,HILLSBOROUGH,33,NEW HAMPSHIRE
24027,14886,HOWARD,24,MARYLAND
26161,14754,WASHTENAW,26,MICHIGAN
27003,14606,ANOKA,27,MINNESOTA
42003,14524,ALLEGHENY,42,PENNSYLVANIA
55025,14509,DANE,55,WISCONSIN
05119,14379,PULASKI,05,ARKANSAS
08013,14373,BOULDER,08,COLORADO
45019,14317,CHARLESTON,45,SOUTH CAROLINA
06097,14268,SONOMA,06,CALIFORNIA
06029,14255,KERN,06,CALIFORNIA
25005,14163,BRISTOL,25,MASSACHUSETTS
55133,14065,WAUKESHA,55,WISCONSIN
45079,14029,RICHLAND,45,SOUTH CAROLINA
34005,14005,BURLINGTON,34,NEW JERSEY
36085,13870,RICHMOND,36,NEW YORK
12033,13800,ESCAMBIA,12,FLORIDA
18089,13756,LAKE,18,INDIANA
22033,13656,EAST BATON ROUGE,22,LOUISIANA
34029,13646,OCEAN,34,NEW JERSEY
12127,13563,VOLUSIA,12,FLORIDA
12101,13353,PASCO,12,FLORIDA
49011,13282,DAVIS,49,UTAH
33015,13268,ROCKINGHAM,33,NEW HAMPSHIRE
06061,13259,PLACER,06,CALIFORNIA
12105,13221,POLK,12,FLORIDA
51700,12917,NEWPORT NEWS,51,VIRGINIA
48339,12879,MONTGOMERY,48,TEXAS
12071,12749,LEE,12,FLORIDA
02020,12530,ANCHORAGE,02,ALASKA
51760,12468,RICHMOND CITY,51,VIRGINIA
39017,12340,BUTLER,39,OHIO
16001,12331,ADA,16,IDAHO
12097,12287,OSCEOLA,12,FLORIDA
45045,12259,GREENVILLE,45,SOUTH CAROLINA
32031,12243,WASHOE,32,NEVADA
53063,12190,SPOKANE,53,WASHINGTON
08035,12171,DOUGLAS,08,COLORADO
51107,12139,LOUDOUN,51,VIRGINIA
26065,12049,INGHAM,26,MICHIGAN
19153,12037,POLK,19,IOWA
20173,12018,SEDGWICK,20,KANSAS
37063,12009,DURHAM,37,NORTH CAROLINA
47093,11967,KNOX,47,TENNESSEE
39095,11771,LUCAS,39,OHIO
12009,11734,BREVARD,12,FLORIDA
51041,11709,CHESTERFIELD,51,VIRGINIA
53011,11691,CLARK,53,WASHINGTON
12115,11668,SARASOTA,12,FLORIDA
36001,11519,ALBANY,36,NEW YORK
51550,11507,CHESAPEAKE,51,VIRGINIA
37133,11018,ONSLOW,37,NORTH CAROLINA
21067,10896,FAYETTE,21,KENTUCKY
34021,10758,MERCER,34,NEW JERSEY
40027,10697,CLEVELAND,40,OKLAHOMA
36071,10672,ORANGE,36,NEW YORK
12073,10552,LEON,12,FLORIDA
08069,10475,LARIMER,08,COLORADO
27163,10427,WASHINGTON,27,MINNESOTA
29183,10337,ST CHARLES,29,MISSOURI
48167,10333,GALVESTON,48,TEXAS
48355,10327,NUECES,48,TEXAS
41047,10276,MARION,41,OREGON
53035,10244,KITSAP,53,WASHINGTON
36067,10145,ONONDAGA,36,NEW YORK
13215,10086,MUSCOGEE,13,GEORGIA
06041,10077,MARIN,06,CALIFORNIA
17111,9838,MCHENRY,17,ILLINOIS
29077,9809,GREENE,29,MISSOURI
06087,9770,SANTA CRUZ,06,CALIFORNIA
37067,9767,FORSYTH,37,NORTH CAROLINA
26049,9751,GENESEE,26,MICHIGAN
12001,9734,ALACHUA,12,FLORIDA
23005,9557,CUMBERLAND,23,MAINE
12081,9544,MANATEE,12,FLORIDA
41039,9378,LANE,41,OREGON
10003,9268,NEW CASTLE,10,DELAWARE
12021,9267,COLLIER,12,FLORIDA
13245,9256,RICHMOND,13,GEORGIA
48039,9239,BRAZORIA,48,TEXAS
42091,9205,MONTGOMERY,42,PENNSYLVANIA
29047,9103,CLAY,29,MISSOURI
36087,9093,ROCKLAND,36,NEW YORK
48215,9081,HIDALGO,48,TEXAS
12069,9008,LAKE,12,FLORIDA
51650,8979,HAMPTON,51,VIRGINIA
45063,8942,LEXINGTON,45,SOUTH CAROLINA
25013,8916,HAMPDEN,25,MASSACHUSETTS
26077,8861,KALAMAZOO,26,MICHIGAN
18057,8803,HAMILTON,18,INDIANA
45015,8776,BERKELEY,45,SOUTH CAROLINA
09011,8748,NEW LONDON,09,CONNECTICUT
06113,8748,YOLO,06,CALIFORNIA
47065,8742,HAMILTON,47,TENNESSEE
28049,8722,HINDS,28,MISSISSIPPI
12091,8684,OKALOOSA,12,FLORIDA
49057,8629,WEBER,49,UTAH
42017,8565,BUCKS,42,PENNSYLVANIA
53067,8562,THURSTON,53,WASHINGTON
01101,8527,MONTGOMERY,01,ALABAMA
48303,8416,LUBBOCK,48,TEXAS
17163,8377,ST CLAIR,17,ILLINOIS
13051,8360,CHATHAM,13,GEORGIA
26139,8181,OTTAWA,26,MICHIGAN
12019,8097,CLAY,12,FLORIDA
06079,8091,SAN LUIS OBISPO,06,CALIFORNIA
13057,8078,CHEROKEE,13,GEORGIA
21117,8066,KENTON,21,KENTUCKY
28047,7926,HARRISON,28,MISSISSIPPI
36027,7842,DUTCHESS,36,NEW YORK
22017,7799,CADDO,22,LOUISIANA
06107,7746,TULARE,06,CALIFORNIA
18003,7732,ALLEN,18,INDIANA
39041,7711,DELAWARE,39,OHIO
39025,7700,CLERMONT,39,OHIO
24021,7680,FREDERICK,24,MARYLAND
31153,7654,SARPY,31,NEBRASKA
36091,7651,SARATOGA,36,NEW YORK
47149,7509,RUTHERFORD,47,TENNESSEE
39151,7425,STARK,39,OHIO
06047,7365,MERCED,06,CALIFORNIA
01097,7262,MOBILE,01,ALABAMA
20209,7216,WYANDOTTE,20,KANSAS
39057,7205,GREENE,39,OHIO
39165,7196,WARREN,39,OHIO
08123,7171,WELD,08,COLORADO
29099,7106,JEFFERSON,29,MISSOURI
51179,7101,STAFFORD,51,VIRGINIA
22055,7071,LAFAYETTE,22,LOUISIANA
31109,7043,LANCASTER,31,NEBRASKA
34015,7006,GLOUCESTER,34,NEW JERSEY
01089,6971,MADISON,01,ALABAMA
18141,6934,ST JOSEPH,18,INDIANA
04021,6924,PINAL,04,ARIZONA
47125,6921,MONTGOMERY,47,TENNESSEE
48245,6915,JEFFERSON,48,TEXAS
42045,6862,DELAWARE,42,PENNSYLVANIA
13151,6860,HENRY,13,GEORGIA
24025,6770,HARFORD,24,MARYLAND
06017,6725,EL DORADO,06,CALIFORNIA
17119,6708,MADISON,17,ILLINOIS
55087,6621,OUTAGAMIE,55,WISCONSIN
48375,6613,POTTER,48,TEXAS
01117,6586,SHELBY,01,ALABAMA
48061,6530,CAMERON,48,TEXAS
05143,6460,WASHINGTON,05,ARKANSAS
12111,6444,ST LUCIE,12,FLORIDA
42029,6401,CHESTER,42,PENNSYLVANIA
39093,6389,LORAIN,39,OHIO
35045,6369,SAN JUAN,35,NEW MEXICO
17201,6342,WINNEBAGO,17,ILLINOIS
12083,6285,MARION,12,FLORIDA
48485,6273,WICHITA,48,TEXAS
37025,6256,CABARRUS,37,NORTH CAROLINA
48041,6152,BRAZOS,48,TEXAS
25001,6149,BARNSTABLE,25,MASSACHUSETTS
44003,6116,KENT,44,RHODE ISLAND
37021,6048,BUNCOMBE,37,NORTH CAROLINA
53005,5989,BENTON,53,WASHINGTON
12085,5974,MARTIN,12,FLORIDA
23031,5936,YORK,23,MAINE
34001,5922,ATLANTIC,34,NEW JERSEY
37135,5907,ORANGE,37,NORTH CAROLINA
55139,5870,WINNEBAGO,55,WISCONSIN
37129,5863,NEW HANOVER,37,NORTH CAROLINA
55009,5839,BROWN,55,WISCONSIN
51740,5839,PORTSMOUTH,51,VIRGINIA
46099,5837,MINNEHAHA,46,SOUTH DAKOTA
48423,5818,SMITH,48,TEXAS
47187,5802,WILLIAMSON,47,TENNESSEE
09007,5801,MIDDLESEX,09,CONNECTICUT
35013,5794,DONA ANA,35,NEW MEXICO
22103,5775,ST TAMMANY,22,LOUISIANA
06007,5770,BUTTE,06,CALIFORNIA
39045,5770,FAIRFIELD,39,OHIO
06055,5699,NAPA,06,CALIFORNIA
04005,5695,COCONINO,04,ARIZONA
37071,5666,GASTON,37,NORTH CAROLINA
48251,5665,JOHNSON,48,TEXAS
18081,5663,JOHNSON,18,INDIANA
48209,5594,HAYS,48,TEXAS
13097,5593,DOUGLAS,13,GEORGIA
35031,5586,MCKINLEY,35,NEW MEXICO
17019,5583,CHAMPAIGN,17,ILLINOIS
39085,5525,LAKE,39,OHIO
17143,5507,PEORIA,17,ILLINOIS
12113,5490,SANTA ROSA,12,FLORIDA
33013,5481,MERRIMACK,33,NEW HAMPSHIRE
24017,5456,CHARLES,24,MARYLAND
16027,5441,CANYON,16,IDAHO
05007,5432,BENTON,05,ARKANSAS
22015,5432,BOSSIER,22,LOUISIANA
12109,5381,ST JOHNS,12,FLORIDA
29165,5283,PLATTE,29,MISSOURI
39133,5283,PORTAGE,39,OHIO
37035,5274,CATAWBA,37,NORTH CAROLINA
48309,5250,MCLENNAN,48,TEXAS
25015,5232,HAMPSHIRE,25,MASSACHUSETTS
26045,5229,EATON,26,MICHIGAN
51177,5211,SPOTSYLVANIA,51,VIRGINIA
04025,5180,YAVAPAI,04,ARIZONA
02090,5162,FAIRBANKS NORTH STAR,02,ALASKA
48381,5142,RANDALL,48,TEXAS
13059,5115,CLARKE,13,GEORGIA
37057,5113,DAVIDSON,37,NORTH CAROLINA
45013,5087,BEAUFORT,45,SOUTH CAROLINA
13021,5066,BIBB,13,GEORGIA
21015,5059,BOONE,21,KENTUCKY
36083,5047,RENSSELAER,36,NEW YORK
55101,5036,RACINE,55,WISCONSIN
45083,5036,SPARTANBURG,45,SOUTH CAROLINA
21047,5025,CHRISTIAN,21,KENTUCKY
45051,5024,HORRY,45,SOUTH CAROLINA
41029,5019,JACKSON,41,OREGON
18063,5015,HENDRICKS,18,INDIANA
39103,4971,MEDINA,39,OHIO
04015,4962,MOHAVE,04,ARIZONA
13247,4937,ROCKDALE,13,GEORGIA
48441,4935,TAYLOR,48,TEXAS
09005,4921,LITCHFIELD,09,CONNECTICUT
13139,4917,HALL,13,GEORGIA
27145,4914,STEARNS,27,MINNESOTA
39099,4896,MAHONING,39,OHIO
18157,4876,TIPPECANOE,18,INDIANA
50007,4865,CHITTENDEN,50,VERMONT
48139,4865,ELLIS,48,TEXAS
48183,4826,GREGG,48,TEXAS
26093,4822,LIVINGSTON,26,MICHIGAN
12005,4811,BAY,12,FLORIDA
48099,4781,CORYELL,48,TEXAS
12015,4777,CHARLOTTE,12,FLORIDA
18127,4775,PORTER,18,INDIANA
09013,4758,TOLLAND,09,CONNECTICUT
35043,4754,SANDOVAL,35,NEW MEXICO
18163,4753,VANDERBURGH,18,INDIANA
39173,4721,WOOD,39,OHIO
19113,4712,LINN,19,IOWA
13117,4690,FORSYTH,13,GEORGIA
36093,4677,SCHENECTADY,36,NEW YORK
19103,4659,JOHNSON,19,IOWA
37085,4610,HARNETT,37,NORTH CAROLINA
53077,4592,YAKIMA,53,WASHINGTON
06089,4589,SHASTA,06,CALIFORNIA
47165,4573,SUMNER,47,TENNESSEE
04001,4571,APACHE,04,ARIZONA
51770,4569,ROANOKE (CITY),51,VIRGINIA
53073,4569,WHATCOM,53,WASHINGTON
06025,4511,IMPERIAL,06,CALIFORNIA
51003,4509,ALBEMARLE,51,VIRGINIA
55059,4483,KENOSHA,55,WISCONSIN
13179,4440,LIBERTY,13,GEORGIA
18039,4436,ELKHART,18,INDIANA
29019,4428,BOONE,29,MISSOURI
33017,4419,STRAFFORD,33,NEW HAMPSHIRE
13113,4416,FAYETTE,13,GEORGIA
41017,4414,DESCHUTES,41,OREGON
04003,4412,COCHISE,04,ARIZONA
06031,4404,KINGS,06,CALIFORNIA
28121,4392,RANKIN,28,MISSISSIPPI
27139,4373,SCOTT,27,MINNESOTA
17167,4370,SANGAMON,17,ILLINOIS
48367,4357,PARKER,48,TEXAS
38017,4340,CASS,38,NORTH DAKOTA
51161,4335,ROANOKE,51,VIRGINIA
37101,4323,JOHNSTON,37,NORTH CAROLINA
45007,4312,ANDERSON,45,SOUTH CAROLINA
21093,4264,HARDIN,21,KENTUCKY
01081,4245,LEE,01,ALABAMA
17113,4245,MCLEAN,17,ILLINOIS
45035,4242,DORCHESTER,45,SOUTH CAROLINA
36045,4241,JEFFERSON,36,NEW YORK
45091,4230,YORK,45,SOUTH CAROLINA
35049,4227,SANTA FE,35,NEW MEXICO
37049,4215,CRAVEN,37,NORTH CAROLINA
36063,4206,NIAGARA,36,NEW YORK
28033,4202,DE SOTO,28,MISSISSIPPI
18105,4201,MONROE,18,INDIANA
40031,4161,COMANCHE,40,OKLAHOMA
04027,4155,YUMA,04,ARIZONA
47163,4149,SULLIVAN,47,TENNESSEE
22019,4145,CALCASIEU,22,LOUISIANA
05131,4137,SEBASTIAN,05,ARKANSAS
28059,4112,JACKSON,28,MISSISSIPPI
13073,4111,COLUMBIA,13,GEORGIA
20177,4087,SHAWNEE,20,KANSAS
19163,4072,SCOTT,19,IOWA
26145,4071,SAGINAW,26,MICHIGAN
36111,4044,ULSTER,36,NEW YORK
55131,4041,WASHINGTON,55,WISCONSIN
48187,4041,GUADALUPE,48,TEXAS
04017,4030,NAVAJO,04,ARIZONA
27137,4027,ST LOUIS,27,MINNESOTA
20103,4020,LEAVENWORTH,20,KANSAS
13223,4020,PAULDING,13,GEORGIA
34037,4019,SUSSEX,34,NEW JERSEY
48257,4016,KAUFMAN,48,TEXAS
12087,3970,MONROE,12,FLORIDA
39155,3967,TRUMBULL,39,OHIO
54039,3928,KANAWHA,54,WEST VIRGINIA
39089,3914,LICKING,39,OHIO
36079,3907,PUTNAM,36,NEW YORK
48451,3906,TOM GREEN,48,TEXAS
36065,3901,ONEIDA,36,NEW YORK
17037,3900,DE KALB,17,ILLINOIS
26005,3897,ALLEGAN,26,MICHIGAN
53029,3872,ISLAND,53,WASHINGTON
21037,3872,CAMPBELL,21,KENTUCKY
41003,3862,BENTON,41,OREGON
22073,3849,OUACHITA,22,LOUISIANA
40017,3847,CANADIAN,40,OKLAHOMA
48329,3808,MIDLAND,48,TEXAS
20045,3795,DOUGLAS,20,KANSAS
24013,3783,CARROLL,24,MARYLAND
12053,3778,HERNANDO,12,FLORIDA
49005,3778,CACHE,49,UTAH
37147,3773,PITT,37,NORTH CAROLINA
13153,3750,HOUSTON,13,GEORGIA
37127,3748,NASH,37,NORTH CAROLINA
41043,3713,LINN,41,OREGON
17179,3712,TAZEWELL,17,ILLINOIS
18019,3711,CLARK,18,INDIANA
01125,3709,TUSCALOOSA,01,ALABAMA
06039,3709,MADERA,06,CALIFORNIA
44009,3706,WASHINGTON,44,RHODE ISLAND
26147,3701,ST CLAIR,26,MICHIGAN
17161,3697,ROCK ISLAND,17,ILLINOIS
37097,3681,IREDELL,37,NORTH CAROLINA
27171,3666,WRIGHT,27,MINNESOTA
37179,3650,UNION,37,NORTH CAROLINA
27109,3633,OLMSTED,27,MINNESOTA
26021,3631,BERRIEN,26,MICHIGAN
26115,3627,MONROE,26,MICHIGAN
29043,3613,CHRISTIAN,29,MISSOURI
13095,3607,DOUGHERTY,13,GEORGIA
49053,3590,WASHINGTON,49,UTAH
28035,3590,FORREST,28,MISSISSIPPI
28089,3575,MADISON,28,MISSISSIPPI
06057,3573,NEVADA,06,CALIFORNIA
36007,3560,BROOME,36,NEW YORK
51199,3559,YORK,51,VIRGINIA
30063,3511,MISSOULA,30,MONTANA
23019,3499,PENOBSCOT,23,MAINE
53057,3468,SKAGIT,53,WASHINGTON
08014,3463,BROOMFIELD,08,COLORADO
40037,3460,CREEK,40,OKLAHOMA
13045,3385,CARROLL,13,GEORGIA
27141,3379,SHERBURNE,27,MINNESOTA
39023,3351,CLARK,39,OHIO
45003,3350,AIKEN,45,SOUTH CAROLINA
37151,3337,RANDOLPH,37,NORTH CAROLINA
29037,3336,CASS,29,MISSOURI
06101,3328,SUTTER,06,CALIFORNIA
48479,3316,WEBB,48,TEXAS
48291,3310,LIBERTY,48,TEXAS
37159,3299,ROWAN,37,NORTH CAROLINA
06115,3297,YUBA,06,CALIFORNIA
18043,3286,FLOYD,18,INDIANA
45077,3283,PICKENS,45,SOUTH CAROLINA
44005,3271,NEWPORT,44,RHODE ISLAND
47189,3265,WILSON,47,TENNESSEE
48231,3264,HUNT,48,TEXAS
29097,3246,JASPER,29,MISSOURI
48135,3237,ECTOR,48,TEXAS
55035,3236,EAU CLAIRE,55,WISCONSIN
13015,3234,BARTOW,13,GEORGIA
41053,3214,POLK,41,OREGON
13313,3205,WHITFIELD,13,GEORGIA
55105,3186,ROCK,55,WISCONSIN
55127,3168,WALWORTH,55,WISCONSIN
48091,3157,COMAL,48,TEXAS
01045,3156,DALE,01,ALABAMA
26075,3155,JACKSON,26,MICHIGAN
47179,3149,WASHINGTON,47,TENNESSEE
27019,3147,CARVER,27,MINNESOTA
16055,3136,KOOTENAI,16,IDAHO
13077,3128,COWETA,13,GEORGIA
45041,3123,FLORENCE,45,SOUTH CAROLINA
01103,3122,MORGAN,01,ALABAMA
18095,3118,MADISON,18,INDIANA
06023,3110,HUMBOLDT,06,CALIFORNIA
01003,3109,BALDWIN,01,ALABAMA
48181,3098,GRAYSON,48,TEXAS
19013,3097,BLACK HAWK,19,IOWA
18035,3093,DELAWARE,18,INDIANA
13217,3085,NEWTON,13,GEORGIA
42077,3082,LEHIGH,42,PENNSYLVANIA
40131,3068,ROGERS,40,OKLAHOMA
37001,3066,ALAMANCE,37,NORTH CAROLINA
37037,3046,CHATHAM,37,NORTH CAROLINA
45085,3046,SUMTER,45,SOUTH CAROLINA
22063,3045,LIVINGSTON,22,LOUISIANA
26025,3033,CALHOUN,26,MICHIGAN
10001,3032,KENT,10,DELAWARE
13185,3011,LOWNDES,13,GEORGIA
51800,3010,SUFFOLK,51,VIRGINIA
41071,3004,YAMHILL,41,OREGON
34009,3004,CAPE MAY,34,NEW JERSEY
40145,3004,WAGONER,40,OKLAHOMA
37191,2999,WAYNE,37,NORTH CAROLINA
55055,2986,JEFFERSON,55,WISCONSIN
06069,2970,SAN BENITO,06,CALIFORNIA
23011,2963,KENNEBEC,23,MAINE
34019,2962,HUNTERDON,34,NEW JERSEY
51085,2959,HANOVER,51,VIRGINIA
46103,2955,PENNINGTON,46,SOUTH DAKOTA
30111,2954,YELLOWSTONE,30,MONTANA
55089,2937,OZAUKEE,55,WISCONSIN
55027,2935,DODGE,55,WISCONSIN
48409,2931,SAN PATRICIO,48,TEXAS
08101,2928,PUEBLO,08,COLORADO
19193,2921,WOODBURY,19,IOWA
22115,2920,VERNON,22,LOUISIANA
16019,2912,BONNEVILLE,16,IDAHO
21029,2898,BULLITT,21,KENTUCKY
05045,2886,FAULKNER,05,ARKANSAS
37045,2883,CLEVELAND,37,NORTH CAROLINA
48021,2846,BASTROP,48,TEXAS
26121,2846,MUSKEGON,26,MICHIGAN
16005,2843,BANNOCK,16,IDAHO
22109,2816,TERREBONNE,22,LOUISIANA
39169,2816,WAYNE,39,OHIO
33009,2812,GRAFTON,33,NEW HAMPSHIRE
23001,2800,ANDROSCOGGIN,23,MAINE
32510,2781,CARSON CITY,32,NEVADA
01069,2775,HOUSTON,01,ALABAMA
39109,2770,MIAMI,39,OHIO
37065,2769,EDGECOMBE,37,NORTH CAROLINA
24037,2763,ST. MARY'S,24,MARYLAND
15009,2761,MAUI,15,HAWAII
27009,2751,BENTON,27,MINNESOTA
01015,2744,CALHOUN,01,ALABAMA
47113,2730,MADISON,47,TENNESSEE
48213,2721,HENDERSON,48,TEXAS
53007,2720,CHELAN,53,WASHINGTON
26087,2705,LAPEER,26,MICHIGAN
48469,2697,VICTORIA,48,TEXAS
55063,2693,LA CROSSE,55,WISCONSIN
17093,2685,KENDALL,17,ILLINOIS
36069,2684,ONTARIO,36,NEW YORK
48037,2681,BOWIE,48,TEXAS
22057,2674,LAFOURCHE,22,LOUISIANA
55015,2672,CALUMET,55,WISCONSIN
39139,2669,RICHLAND,39,OHIO
12061,2663,INDIAN RIVER,12,FLORIDA
36109,2656,TOMPKINS,36,NEW YORK
39055,2651,GEAUGA,39,OHIO
19169,2639,STORY,19,IOWA
12017,2636,CITRUS,12,FLORIDA
26037,2634,CLINTON,26,MICHIGAN
51121,2627,MONTGOMERY,51,VIRGINIA
42071,2624,LANCASTER,42,PENNSYLVANIA
54011,2618,CABELL,54,WEST VIRGINIA
42133,2612,YORK,42,PENNSYLVANIA
47009,2607,BLOUNT,47,TENNESSEE
22005,2604,ASCENSION,22,LOUISIANA
55073,2602,MARATHON,55,WISCONSIN
22079,2598,RAPIDES,22,LOUISIANA
20061,2587,GEARY,20,KANSAS
05125,2561,SALINE,05,ARKANSAS
51069,2558,FREDERICK,51,VIRGINIA
29071,2556,FRANKLIN,29,MISSOURI
48361,2549,ORANGE,48,TEXAS
08077,2543,MESA,08,COLORADO
28081,2539,LEE,28,MISSISSIPPI
51019,2536,BEDFORD,51,VIRGINIA
36117,2533,WAYNE,36,NEW YORK
47001,2530,ANDERSON,47,TENNESSEE
01095,2503,MARSHALL,01,ALABAMA
18059,2493,HANCOCK,18,INDIANA
17099,2491,LA SALLE,17,ILLINOIS
01051,2491,ELMORE,01,ALABAMA
36075,2490,OSWEGO,36,NEW YORK
13255,2482,SPALDING,13,GEORGIA
42089,2468,MONROE,42,PENNSYLVANIA
24045,2468,WICOMICO,24,MARYLAND
05085,2460,LONOKE,05,ARKANSAS
53021,2458,FRANKLIN,53,WASHINGTON
18167,2457,VIGO,18,INDIANA
26159,2452,VAN BUREN,26,MICHIGAN
35061,2442,VALENCIA,35,NEW MEXICO
15001,2427,HAWAII,15,HAWAII
21227,2414,WARREN,21,KENTUCKY
05031,2411,CRAIGHEAD,05,ARKANSAS
53015,2404,COWLITZ,53,WASHINGTON
09015,2386,WINDHAM,09,CONNECTICUT
55039,2380,FOND DU LAC,55,WISCONSIN
01113,2371,RUSSELL,01,ALABAMA
40113,2370,OSAGE,40,OKLAHOMA
29021,2363,BUCHANAN,29,MISSOURI
22105,2357,TANGIPAHOA,22,LOUISIANA
13047,2356,CATOOSA,13,GEORGIA
51680,2352,LYNCHBURG,51,VIRGINIA
37069,2350,FRANKLIN,37,NORTH CAROLINA
20161,2348,RILEY,20,KANSAS
24009,2346,CALVERT,24,MARYLAND
47147,2341,ROBERTSON,47,TENNESSEE
19155,2337,POTTAWATTAMIE,19,IOWA
56021,2330,LARAMIE,56,WYOMING
34041,2317,WARREN,34,NEW JERSEY
24043,2310,WASHINGTON,24,MARYLAND
29051,2301,COLE,29,MISSOURI
26055,2299,GRAND TRAVERSE,26,MICHIGAN
51061,2297,FAUQUIER,51,VIRGINIA
40125,2295,POTTAWATOMIE,40,OKLAHOMA
48071,2295,CHAMBERS,48,TEXAS
16083,2293,TWIN FALLS,16,IDAHO
13013,2290,BARROW,13,GEORGIA
48397,2282,ROCKWALL,48,TEXAS
37155,2270,ROBESON,37,NORTH CAROLINA
30031,2266,GALLATIN,30,MONTANA
51031,2263,CAMPBELL,51,VIRGINIA
41019,2254,DOUGLAS,41,OREGON
27013,2233,BLUE EARTH,27,MINNESOTA
48471,2225,WALKER,48,TEXAS
13295,2218,WALKER,13,GEORGIA
42049,2218,ERIE,42,PENNSYLVANIA
18109,2217,MORGAN,18,INDIANA
01055,2207,ETOWAH,01,ALABAMA
18067,2195,HOWARD,18,INDIANA
18091,2193,LA PORTE,18,INDIANA
34011,2190,CUMBERLAND,34,NEW JERSEY
38035,2181,GRAND FORKS,38,NORTH DAKOTA
40119,2178,PAYNE,40,OKLAHOMA
39003,2173,ALLEN,39,OHIO
30013,2159,CASCADE,30,MONTANA
51165,2151,ROCKINGHAM,51,VIRGINIA
48055,2141,CALDWELL,48,TEXAS
17091,2138,KANKAKEE,17,ILLINOIS
51683,2133,MANASSAS,51,VIRGINIA
39043,2132,ERIE,39,OHIO
51540,2131,CHARLOTTESVILLE,51,VIRGINIA
55117,2130,SHEBOYGAN,55,WISCONSIN
32005,2128,DOUGLAS,32,NEVADA
55021,2126,COLUMBIA,55,WISCONSIN
21151,2114,MADISON,21,KENTUCKY
47089,2114,JEFFERSON,47,TENNESSEE
48005,2112,ANGELINA,48,TEXAS
24015,2095,CECIL,24,MARYLAND
41033,2093,JOSEPHINE,41,OREGON
45075,2090,ORANGEBURG,45,SOUTH CAROLINA
37023,2083,BURKE,37,NORTH CAROLINA
13297,2079,WALTON,13,GEORGIA
42011,2075,BERKS,42,PENNSYLVANIA
01115,2074,ST CLAIR,01,ALABAMA
47155,2071,SEVIER,47,TENNESSEE
53041,2069,LEWIS,53,WASHINGTON
29169,2068,PULASKI,29,MISSOURI
05069,2068,JEFFERSON,05,ARKANSAS
47119,2067,MAURY,47,TENNESSEE
53025,2061,GRANT,53,WASHINGTON
41059,2060,UMATILLA,41,OREGON
55109,2060,ST CROIX,55,WISCONSIN
13039,2057,CAMDEN,13,GEORGIA
06045,2056,MENDOCINO,06,CALIFORNIA
37093,2053,HOKE,37,NORTH CAROLINA
26117,2052,MONTCALM,26,MICHIGAN
48497,2049,WISE,48,TEXAS
17007,2046,BOONE,17,ILLINOIS
48203,2040,HARRISON,48,TEXAS
45059,2040,LAURENS,45,SOUTH CAROLINA
33001,2032,BELKNAP,33,NEW HAMPSHIRE
36113,2027,WARREN,36,NEW YORK
05033,2020,CRAWFORD,05,ARKANSAS
42095,2011,NORTHAMPTON,42,PENNSYLVANIA
49045,2006,TOOELE,49,UTAH
47011,2006,BRADLEY,47,TENNESSEE
18085,2005,KOSCIUSKO,18,INDIANA
26111,2004,MIDLAND,26,MICHIGAN
39029,2002,COLUMBIANA,39,OHIO
22045,1997,IBERIA,22,LOUISIANA
20015,1987,BUTLER,20,KANSAS
26017,1987,BAY,26,MICHIGAN
48373,1986,POLK,48,TEXAS
17115,1983,MACON,17,ILLINOIS
01001,1982,AUTAUGA,01,ALABAMA
36053,1979,MADISON,36,NEW YORK
18005,1977,BARTHOLOMEW,18,INDIANA
37019,1976,BRUNSWICK,37,NORTH CAROLINA
12089,1967,NASSAU,12,FLORIDA
13157,1957,JACKSON,13,GEORGIA
53045,1950,MASON,53,WASHINGTON
28075,1947,LAUDERDALE,28,MISSISSIPPI
22097,1944,ST LANDRY,22,LOUISIANA
26155,1939,SHIAWASSEE,26,MICHIGAN
47047,1938,FAYETTE,47,TENNESSEE
26073,1934,ISABELLA,26,MICHIGAN
18173,1931,WARRICK,18,INDIANA
38015,1929,BURLEIGH,38,NORTH DAKOTA
13115,1926,FLOYD,13,GEORGIA
51149,1924,PRINCE GEORGE,51,VIRGINIA
39077,1920,HURON,39,OHIO
27025,1907,CHISAGO,27,MINNESOTA
37195,1902,WILSON,37,NORTH CAROLINA
05051,1899,GARLAND,05,ARKANSAS
26091,1893,LENAWEE,26,MICHIGAN
48199,1891,HARDIN,48,TEXAS
51095,1884,JAMES CITY,51,VIRGINIA
22087,1881,ST BERNARD,22,LOUISIANA
32019,1879,LYON,32,NEVADA
29101,1871,JOHNSON,29,MISSOURI
37027,1870,CALDWELL,37,NORTH CAROLINA
24047,1866,WORCESTER,24,MARYLAND
40101,1863,MUSKOGEE,40,OKLAHOMA
17077,1859,JACKSON,17,ILLINOIS
22089,1858,ST CHARLES,22,LOUISIANA
37089,1851,HENDERSON,37,NORTH CAROLINA
39015,1846,BROWN,39,OHIO
08037,1840,EAGLE,08,COLORADO
25003,1832,BERKSHIRE,25,MASSACHUSETTS
26067,1830,IONIA,26,MICHIGAN
04007,1830,GILA,04,ARIZONA
01121,1828,TALLADEGA,01,ALABAMA
29145,1823,NEWTON,29,MISSOURI
55141,1822,WOOD,55,WISCONSIN
26015,1820,BARRY,26,MICHIGAN
37157,1819,ROCKINGHAM,37,NORTH CAROLINA
12035,1819,FLAGLER,12,FLORIDA
51630,1813,FREDERICKSBURG,51,VIRGINIA
40083,1808,LOGAN,40,OKLAHOMA
39129,1807,PICKAWAY,39,OHIO
38101,1798,WARD,38,NORTH DAKOTA
39007,1796,ASHTABULA,39,OHIO
18011,1795,BOONE,18,INDIANA
45031,1777,DARLINGTON,45,SOUTH CAROLINA
39021,1775,CHAMPAIGN,39,OHIO
19049,1773,DALLAS,19,IOWA
16011,1773,BINGHAM,16,IDAHO
48347,1771,NACOGDOCHES,48,TEXAS
12107,1768,PUTNAM,12,FLORIDA
39157,1761,TUSCARAWAS,39,OHIO
39027,1758,CLINTON,39,OHIO
12055,1758,HIGHLANDS,12,FLORIDA
25011,1757,FRANKLIN,25,MASSACHUSETTS
40051,1754,GRADY,40,OKLAHOMA
18029,1751,DEARBORN,18,INDIANA
22001,1747,ACADIA,22,LOUISIANA
29031,1747,CAPE GIRARDEAU,29,MISSOURI
55111,1746,SAUK,55,WISCONSIN
01009,1741,BLOUNT,01,ALABAMA
01077,1739,LAUDERDALE,01,ALABAMA
23023,1719,SAGADAHOC,23,MAINE
22095,1707,ST JOHN THE BAPTIST,22,LOUISIANA
37105,1707,LEE,37,NORTH CAROLINA
01031,1700,COFFEE,01,ALABAMA
01083,1700,LIMESTONE,01,ALABAMA
49021,1696,IRON,49,UTAH
51143,1694,PITTSYLVANIA,51,VIRGINIA
53017,1690,DOUGLAS,53,WASHINGTON
37169,1685,STOKES,37,NORTH CAROLINA
47141,1678,PUTNAM,47,TENNESSEE
55097,1678,PORTAGE,55,WISCONSIN
05091,1675,MILLER,05,ARKANSAS
47063,1674,HAMBLEN,47,TENNESSEE
46093,1674,MEADE,46,SOUTH DAKOTA
47167,1670,TIPTON,47,TENNESSEE
51015,1663,AUGUSTA,51,VIRGINIA
01049,1660,DE KALB,01,ALABAMA
55017,1657,CHIPPEWA,55,WISCONSIN
36101,1654,STEUBEN,36,NEW YORK
53075,1648,WHITMAN,53,WASHINGTON
48013,1643,ATASCOSA,48,TEXAS
17141,1638,OGLE,17,ILLINOIS
13127,1636,GLYNN,13,GEORGIA
47021,1633,CHEATHAM,47,TENNESSEE
49003,1633,BOX ELDER,49,UTAH
10005,1633,SUSSEX,10,DELAWARE
36011,1633,CAYUGA,36,NEW YORK
37171,1627,SURRY,37,NORTH CAROLINA
21113,1627,JESSAMINE,21,KENTUCKY
36051,1626,LIVINGSTON,36,NEW YORK
39063,1622,HANCOCK,39,OHIO
12023,1614,COLUMBIA,12,FLORIDA
36009,1607,CATTARAUGUS,36,NEW YORK
21059,1606,DAVIESS,21,KENTUCKY
53027,1605,GRAYS HARBOR,53,WASHINGTON
37077,1603,GRANVILLE,37,NORTH CAROLINA
47073,1592,HAWKINS,47,TENNESSEE
33005,1590,CHESHIRE,33,NEW HAMPSHIRE
27131,1587,RICE,27,MINNESOTA
36105,1586,SULLIVAN,36,NEW YORK
41035,1584,KLAMATH,41,OREGON
41041,1581,LINCOLN,41,OREGON
54003,1579,BERKELEY,54,WEST VIRGINIA
50027,1578,WINDSOR,50,VERMONT
39119,1577,MUSKINGUM,39,OHIO
37125,1577,MOORE,37,NORTH CAROLINA
27059,1576,ISANTI,27,MINNESOTA
51730,1571,PETERSBURG,51,VIRGINIA
46083,1570,LINCOLN,46,SOUTH DAKOTA
17063,1569,GRUNDY,17,ILLINOIS
06033,1569,LAKE,06,CALIFORNIA
37107,1562,LENOIR,37,NORTH CAROLINA
17073,1558,HENRY,17,ILLINOIS
05145,1556,WHITE,05,ARKANSAS
28087,1552,LOWNDES,28,MISSISSIPPI
30029,1552,FLATHEAD,30,MONTANA
40047,1551,GARFIELD,40,OKLAHOMA
18113,1548,NOBLE,18,INDIANA
26149,1546,ST JOSEPH,26,MICHIGAN
48467,1543,VAN ZANDT,48,TEXAS
39005,1537,ASHLAND,39,OHIO
36115,1533,WASHINGTON,36,NEW YORK
45047,1532,GREENWOOD,45,SOUTH CAROLINA
53071,1532,WALLA WALLA,53,WASHINGTON
29113,1531,LINCOLN,29,MISSOURI
12119,1531,SUMTER,12,FLORIDA
26027,1523,CASS,26,MICHIGAN
54079,1521,PUTNAM,54,WEST VIRGINIA
08045,1518,GARFIELD,08,COLORADO
39141,1512,ROSS,39,OHIO
21125,1510,LAUREL,21,KENTUCKY
21185,1509,OLDHAM,21,KENTUCKY
37109,1508,LINCOLN,37,NORTH CAROLINA
26157,1504,TUSCOLA,26,MICHIGAN
13129,1497,GORDON,13,GEORGIA
56025,1497,NATRONA,56,WYOMING
27027,1495,CLAY,27,MINNESOTA
39097,1494,MADISON,39,OHIO
13213,1492,MURRAY,13,GEORGIA
26123,1490,NEWAYGO,26,MICHIGAN
19061,1487,DUBUQUE,19,IOWA
21145,1486,MCCRACKEN,21,KENTUCKY
47031,1475,COFFEE,47,TENNESSEE
48221,1472,HOOD,48,TEXAS
45043,1471,GEORGETOWN,45,SOUTH CAROLINA
41009,1470,COLUMBIA,41,OREGON
22099,1465,ST MARTIN,22,LOUISIANA
01043,1462,CULLMAN,01,ALABAMA
24035,1462,QUEEN ANNE'S,24,MARYLAND
51600,1460,FAIRFAX,51,VIRGINIA
48459,1458,UPSHUR,48,TEXAS
18099,1457,MARSHALL,18,INDIANA
41011,1448,COOS,41,OREGON
45057,1448,LANCASTER,45,SOUTH CAROLINA
12039,1446,GADSDEN,12,FLORIDA
16069,1445,NEZ PERCE,16,IDAHO
54037,1441,JEFFERSON,54,WEST VIRGINIA
40147,1441,WASHINGTON,40,OKLAHOMA
02170,1439,MATANUSKA SUSITNA,02,ALASKA
34033,1437,SALEM,34,NEW JERSEY
13285,1437,TROUP,13,GEORGIA
39145,1435,SCIOTO,39,OHIO
42043,1435,DAUPHIN,42,PENNSYLVANIA
31079,1433,HALL,31,NEBRASKA
50023,1429,WASHINGTON,50,VERMONT
18053,1426,GRANT,18,INDIANA
36037,1424,GENESEE,36,NEW YORK
36013,1423,CHAUTAUQUA,36,NEW YORK
47019,1419,CARTER,47,TENNESSEE
18177,1419,WAYNE,18,INDIANA
27103,1415,NICOLLET,27,MINNESOTA
54061,1413,MONONGALIA,54,WEST VIRGINIA
35009,1410,CURRY,35,NEW MEXICO
35005,1406,CHAVES,35,NEW MEXICO
48053,1402,BURNET,48,TEXAS
37031,1402,CARTERET,37,NORTH CAROLINA
27035,1396,CROW WING,27,MINNESOTA
30049,1395,LEWIS AND CLARK,30,MONTANA
47145,1395,ROANE,47,TENNESSEE
01033,1394,COLBERT,01,ALABAMA
36015,1390,CHEMUNG,36,NEW YORK
48473,1388,WALLER,48,TEXAS
54107,1382,WOOD,54,WEST VIRGINIA
32007,1378,ELKO,32,NEVADA
39101,1378,MARION,39,OHIO
39147,1373,SENECA,39,OHIO
29187,1372,ST FRANCOIS,29,MISSOURI
06009,1371,CALAVERAS,06,CALIFORNIA
06109,1370,TUOLUMNE,06,CALIFORNIA
35035,1370,OTERO,35,NEW MEXICO
56001,1369,ALBANY,56,WYOMING
29027,1369,CALLAWAY,29,MISSOURI
39009,1369,ATHENS,39,OHIO
17199,1367,WILLIAMSON,17,ILLINOIS
20155,1367,RENO,20,KANSAS
47053,1366,GIBSON,47,TENNESSEE
05035,1365,CRITTENDEN,05,ARKANSAS
53009,1361,CLALLAM,53,WASHINGTON
39091,1359,LOGAN,39,OHIO
17029,1358,COLES,17,ILLINOIS
28045,1356,HANCOCK,28,MISSISSIPPI
35039,1355,RIO ARRIBA,35,NEW MEXICO
13031,1348,BULLOCH,13,GEORGIA
16057,1346,LATAH,16,IDAHO
36057,1344,MONTGOMERY,36,NEW YORK
37061,1343,DUPLIN,37,NORTH CAROLINA
08117,1342,SUMMIT,08,COLORADO
47043,1340,DICKSON,47,TENNESSEE
48001,1339,ANDERSON,48,TEXAS
26059,1338,HILLSDALE,26,MICHIGAN
40071,1332,KAY,40,OKLAHOMA
48401,1330,RUSK,48,TEXAS
37083,1324,HALIFAX,37,NORTH CAROLINA
22101,1324,ST MARY,22,LOUISIANA
47105,1323,LOUDON,47,TENNESSEE
19181,1312,WARREN,19,IOWA
40081,1312,LINCOLN,40,OKLAHOMA
55071,1311,MANITOWOC,55,WISCONSIN
39033,1311,CRAWFORD,39,OHIO
40041,1311,DELAWARE,40,OKLAHOMA
39143,1309,SANDUSKY,39,OHIO
39011,1309,AUGLAIZE,39,OHIO
22113,1303,VERMILION,22,LOUISIANA
45055,1300,KERSHAW,45,SOUTH CAROLINA
39159,1299,UNION,39,OHIO
37181,1295,VANCE,37,NORTH CAROLINA
29201,1293,SCOTT,29,MISSOURI
42041,1293,CUMBERLAND,42,PENNSYLVANIA
55033,1291,DUNN,55,WISCONSIN
12131,1290,WALTON,12,FLORIDA
05115,1289,POPE,05,ARKANSAS
42079,1287,LUZERNE,42,PENNSYLVANIA
18145,1287,SHELBY,18,INDIANA
39083,1287,KNOX,39,OHIO
21073,1283,FRANKLIN,21,KENTUCKY
27169,1280,WINONA,27,MINNESOTA
37167,1278,STANLY,37,NORTH CAROLINA
51840,1277,WINCHESTER,51,VIRGINIA
20169,1275,SALINE,20,KANSAS
37193,1273,WILKES,37,NORTH CAROLINA
18133,1270,PUTNAM,18,INDIANA
55093,1268,PIERCE,55,WISCONSIN
51590,1268,DANVILLE,51,VIRGINIA
48465,1266,VAL VERDE,48,TEXAS
29029,1263,CAMDEN,29,MISSOURI
18033,1262,DEKALB,18,INDIANA
39071,1259,HIGHLAND,39,OHIO
36077,1259,OTSEGO,36,NEW YORK
28067,1258,JONES,28,MISSISSIPPI
36021,1256,COLUMBIA,36,NEW YORK
12051,1256,HENDRY,12,FLORIDA
29109,1256,LAWRENCE,29,MISSOURI
49043,1255,SUMMIT,49,UTAH
51670,1252,HOPEWELL,51,VIRGINIA
27111,1249,OTTER TAIL,27,MINNESOTA
28151,1249,WASHINGTON,28,MISSISSIPPI
01127,1248,WALKER,01,ALABAMA
23017,1247,OXFORD,23,MAINE
29009,1246,BARRY,29,MISSOURI
17183,1245,VERMILION,17,ILLINOIS
08067,1245,LA PLATA,08,COLORADO
45021,1244,CHEROKEE,45,SOUTH CAROLINA
21081,1243,GRANT,21,KENTUCKY
51660,1242,HARRISONBURG,51,VIRGINIA
21019,1242,BOYD,21,KENTUCKY
39051,1241,FULTON,39,OHIO
27021,1240,CASS,27,MINNESOTA
17117,1240,MACOUPIN,17,ILLINOIS
39019,1239,CARROLL,39,OHIO
55135,1234,WAUPACA,55,WISCONSIN
51187,1234,WARREN,51,VIRGINIA
48349,1229,NAVARRO,48,TEXAS
29213,1228,TANEY,29,MISSOURI
51089,1227,HENRY,51,VIRGINIA
37141,1225,PENDER,37,NORTH CAROLINA
37163,1225,SAMPSON,37,NORTH CAROLINA
44001,1224,BRISTOL,44,RHODE ISLAND
48427,1219,STARR,48,TEXAS
48323,1218,MAVERICK,48,TEXAS
16065,1216,MADISON,16,IDAHO
04023,1212,SANTA CRUZ,04,ARIZONA
48325,1211,MEDINA,48,TEXAS
40021,1210,CHEROKEE,40,OKLAHOMA
48273,1210,KLEBERG,48,TEXAS
37161,1199,RUTHERFORD,37,NORTH CAROLINA
42129,1199,WESTMORELAND,42,PENNSYLVANIA
48241,1197,JASPER,48,TEXAS
48217,1197,HILL,48,TEXAS
39167,1195,WASHINGTON,39,OHIO
28073,1195,LAMAR,28,MISSISSIPPI
36043,1193,HERKIMER,36,NEW YORK
39087,1190,LAWRENCE,39,OHIO
40111,1190,OKMULGEE,40,OKLAHOMA
53037,1189,KITTITAS,53,WASHINGTON
27049,1189,GOODHUE,27,MINNESOTA
48249,1188,JIM WELLS,48,TEXAS
26023,1188,BRANCH,26,MICHIGAN
18065,1187,HENRY,18,INDIANA
51047,1185,CULPEPER,51,VIRGINIA
37017,1183,BLADEN,37,NORTH CAROLINA
48073,1182,CHEROKEE,48,TEXAS
51191,1181,WASHINGTON,51,VIRGINIA
31019,1180,BUFFALO,31,NEBRASKA
40097,1175,MAYES,40,OKLAHOMA
39135,1171,PREBLE,39,OHIO
39117,1170,MORROW,39,OHIO
17195,1170,WHITESIDE,17,ILLINOIS
47107,1167,MCMINN,47,TENNESSEE
39149,1165,SHELBY,39,OHIO
33003,1163,CARROLL,33,NEW HAMPSHIRE
06103,1160,TEHAMA,06,CALIFORNIA
23025,1159,SOMERSET,23,MAINE
55005,1158,BARRON,55,WISCONSIN
32023,1157,NYE,32,NEVADA
48499,1155,WOOD,48,TEXAS
26107,1154,MECOSTA,26,MICHIGAN
28105,1153,OKTIBBEHA,28,MISSISSIPPI
39123,1152,OTTAWA,39,OHIO
48097,1152,COOKE,48,TEXAS
22047,1149,IBERVILLE,22,LOUISIANA
39131,1148,PIKE,39,OHIO
12075,1145,LEVY,12,FLORIDA
17095,1145,KNOX,17,ILLINOIS
18103,1142,MIAMI,18,INDIANA
24011,1141,CAROLINE,24,MARYLAND
35025,1135,LEA,35,NEW MEXICO
39013,1135,BELMONT,39,OHIO
36107,1130,TIOGA,36,NEW YORK
51023,1127,BOTETOURT,51,VIRGINIA
13029,1124,BRYAN,13,GEORGIA
01071,1124,JACKSON,01,ALABAMA
51775,1124,SALEM,51,VIRGINIA
18087,1123,LAGRANGE,18,INDIANA
51093,1121,ISLE OF WIGHT,51,VIRGINIA
55043,1118,GRANT,55,WISCONSIN
40087,1112,MCCLAIN,40,OKLAHOMA
55083,1109,OCONTO,55,WISCONSIN
36023,1107,CORTLAND,36,NEW YORK
37013,1105,BEAUFORT,37,NORTH CAROLINA
36121,1098,WYOMING,36,NEW YORK
45073,1098,OCONEE,45,SOUTH CAROLINA
40079,1097,LE FLORE,40,OKLAHOMA
39081,1096,JEFFERSON,39,OHIO
48277,1096,LAMAR,48,TEXAS
47003,1095,BEDFORD,47,TENNESSEE
48321,1095,MATAGORDA,48,TEXAS
26057,1093,GRATIOT,26,MICHIGAN
29159,1092,PETTIS,29,MISSOURI
13009,1092,BALDWIN,13,GEORGIA
48143,1092,ERATH,48,TEXAS
50025,1088,WINDHAM,50,VERMONT
29209,1084,STONE,29,MISSOURI
05093,1077,MISSISSIPPI,05,ARKANSAS
21211,1076,SHELBY,21,KENTUCKY
37189,1074,WATAUGA,37,NORTH CAROLINA
01017,1068,CHAMBERS,01,ALABAMA
53065,1067,STEVENS,53,WASHINGTON
20055,1066,FINNEY,20,KANSAS
45023,1064,CHESTER,45,SOUTH CAROLINA
39039,1064,DEFIANCE,39,OHIO
56037,1063,SWEETWATER,56,WYOMING
48481,1059,WHARTON,48,TEXAS
13195,1059,MADISON,13,GEORGIA
13145,1058,HARRIS,13,GEORGIA
16039,1057,ELMORE,16,IDAHO
28057,1055,ITAWAMBA,28,MISSISSIPPI
26151,1054,SANILAC,26,MICHIGAN
31119,1051,MADISON,31,NEBRASKA
27067,1050,KANDIYOHI,27,MINNESOTA
13103,1046,EFFINGHAM,13,GEORGIA
29107,1043,LAFAYETTE,29,MISSOURI
55075,1041,MARINETTE,55,WISCONSIN
16051,1038,JEFFERSON,16,IDAHO
28071,1037,LAFAYETTE,28,MISSISSIPPI
28109,1036,PEARL RIVER,28,MISSISSIPPI
55115,1036,SHAWANO,55,WISCONSIN
55095,1033,POLK,55,WISCONSIN
36017,1030,CHENANGO,36,NEW YORK
17103,1030,LEE,17,ILLINOIS
13035,1030,BUTTS,13,GEORGIA
22069,1029,NATCHITOCHES,22,LOUISIANA
21209,1029,SCOTT,21,KENTUCKY
22119,1028,WEBSTER,22,LOUISIANA
21049,1026,CLARK,21,KENTUCKY
48493,1025,WILSON,48,TEXAS
48189,1025,HALE,48,TEXAS
36089,1024,ST LAWRENCE,36,NEW YORK
47059,1023,GREENE,47,TENNESSEE
37197,1021,YADKIN,37,NORTH CAROLINA
17177,1021,STEPHENSON,17,ILLINOIS
18061,1016,HARRISON,18,INDIANA
01079,1016,LAWRENCE,01,ALABAMA
13137,1015,HABERSHAM,13,GEORGIA
39037,1013,DARKE,39,OHIO
28093,1008,MARSHALL,28,MISSISSIPPI
16017,1008,BONNER,16,IDAHO
13233,1008,POLK,13,GEORGIA
13275,1007,THOMAS,13,GEORGIA
37033,1002,CASWELL,37,NORTH CAROLINA
02122,1000,KENAI PENINSULA,02,ALASKA
18047,999,FRANKLIN,18,INDIANA
18071,997,JACKSON,18,INDIANA
37079,997,GREENE,37,NORTH CAROLINA
36025,997,DELAWARE,36,NEW YORK
40019,993,CARTER,40,OKLAHOMA
19045,993,CLINTON,19,IOWA
39073,992,HOCKING,39,OHIO
22061,988,LINCOLN,22,LOUISIANA
36035,987,FULTON,36,NEW YORK
06093,985,SISKIYOU,06,CALIFORNIA
19033,984,CERRO GORDO,19,IOWA
28113,983,PIKE,28,MISSISSIPPI
51067,983,FRANKLIN,51,VIRGINIA
29161,982,PHELPS,29,MISSOURI
55085,982,ONEIDA,55,WISCONSIN
29219,981,WARREN,29,MISSOURI
36039,978,GREENE,36,NEW YORK
29023,977,BUTLER,29,MISSOURI
39047,977,FAYETTE,39,OHIO
22011,977,BEAUREGARD,22,LOUISIANA
18073,977,JASPER,18,INDIANA
20079,976,HARVEY,20,KANSAS
51685,974,MANASSAS PARK,51,VIRGINIA
13177,972,LEE,13,GEORGIA
39031,969,COSHOCTON,39,OHIO
54033,967,HARRISON,54,WEST VIRGINIA
51137,967,ORANGE,51,VIRGINIA
48265,967,KERR,48,TEXAS
37059,966,DAVIE,37,NORTH CAROLINA
22121,966,WEST BATON ROUGE,22,LOUISIANA
41007,966,CLATSOP,41,OREGON
31043,966,DAKOTA,31,NEBRASKA
13011,965,BANKS,13,GEORGIA
08043,964,FREMONT,08,COLORADO
22075,962,PLAQUEMINES,22,LOUISIANA
48147,960,FANNIN,48,TEXAS
31053,958,DODGE,31,NEBRASKA
29003,957,ANDREW,29,MISSOURI
51033,957,CAROLINE,51,VIRGINIA
51570,956,COLONIAL HEIGHTS,51,VIRGINIA
45025,955,CHESTERFIELD,45,SOUTH CAROLINA
21101,954,HENDERSON,21,KENTUCKY
23027,953,WALDO,23,MAINE
17001,952,ADAMS,17,ILLINOIS
21079,952,GARRARD,21,KENTUCKY
29225,948,WEBSTER,29,MISSOURI
08119,942,TELLER,08,COLORADO
21021,940,BOYLE,21,KENTUCKY
40123,939,PONTOTOC,40,OKLAHOMA
18069,937,HUNTINGTON,18,INDIANA
39127,935,PERRY,39,OHIO
31025,935,CASS,31,NEBRASKA
27085,935,MCLEOD,27,MINNESOTA
33019,935,SULLIVAN,33,NEW HAMPSHIRE
51073,931,GLOUCESTER,51,VIRGINIA
24041,930,TALBOT,24,MARYLAND
47017,930,CARROLL,47,TENNESSEE
13299,929,WARE,13,GEORGIA
35015,929,EDDY,35,NEW MEXICO
49039,928,SANPETE,49,UTAH
37003,928,ALEXANDER,37,NORTH CAROLINA
13143,928,HARALSON,13,GEORGIA
12121,926,SUWANNEE,12,FLORIDA
16031,926,CASSIA,16,IDAHO
12063,925,JACKSON,12,FLORIDA
13277,924,TIFT,13,GEORGIA
48223,922,HOPKINS,48,TEXAS
18183,922,WHITLEY,18,INDIANA
19099,920,JASPER,19,IOWA
21107,918,HOPKINS,21,KENTUCKY
48067,916,CASS,48,TEXAS
48185,915,GRIMES,48,TEXAS
27079,915,LE SUEUR,27,MINNESOTA
18017,912,CASS,18,INDIANA
28137,912,TATE,28,MISSISSIPPI
40013,910,BRYAN,40,OKLAHOMA
36003,909,ALLEGANY,36,NEW YORK
28011,909,BOLIVAR,28,MISSISSIPPI
28149,905,WARREN,28,MISSISSIPPI
18055,905,GREENE,18,INDIANA
41045,904,MALHEUR,41,OREGON
48259,903,KENDALL,48,TEXAS
01047,903,DALLAS,01,ALABAMA
47123,902,MONROE,47,TENNESSEE
27147,900,STEELE,27,MINNESOTA
29069,900,DUNKLIN,29,MISSOURI
50021,900,RUTLAND,50,VERMONT
28083,899,LEFLORE,28,MISSISSIPPI
20111,897,LYON,20,KANSAS
38059,896,MORTON,38,NORTH DAKOTA
06005,896,AMADOR,06,CALIFORNIA
27007,894,BELTRAMI,27,MINNESOTA
18151,893,STEUBEN,18,INDIANA
18119,892,OWEN,18,INDIANA
47055,891,GILES,47,TENNESSEE
55019,891,CLARK,55,WISCONSIN
39001,891,ADAMS,39,OHIO
36073,889,ORLEANS,36,NEW YORK
13219,888,OCONEE,13,GEORGIA
40135,888,SEQUOYAH,40,OKLAHOMA
17011,887,BUREAU,17,ILLINOIS
54081,886,RALEIGH,54,WEST VIRGINIA
48049,886,BROWN,48,TEXAS
37139,886,PASQUOTANK,37,NORTH CAROLINA
23003,885,AROOSTOOK,23,MAINE
36099,885,SENECA,36,NEW YORK
21089,884,GREENUP,21,KENTUCKY
17075,881,IROQUOIS,17,ILLINOIS
16053,881,JEROME,16,IDAHO
55031,880,DOUGLAS,55,WISCONSIN
54049,880,MARION,54,WEST VIRGINIA
50017,877,ORANGE,50,VERMONT
51009,877,AMHERST,51,VIRGINIA
45027,877,CLARENDON,45,SOUTH CAROLINA
13225,877,PEACH,13,GEORGIA
55081,872,MONROE,55,WISCONSIN
18129,871,POSEY,18,INDIANA
17203,871,WOODFORD,17,ILLINOIS
39069,870,HENRY,39,OHIO
18021,869,CLAY,18,INDIANA
01053,869,ESCAMBIA,01,ALABAMA
21009,868,BARREN,21,KENTUCKY
18015,868,CARROLL,18,INDIANA
17105,868,LIVINGSTON,17,ILLINOIS
42027,868,CENTRE,42,PENNSYLVANIA
37153,866,RICHMOND,37,NORTH CAROLINA
20037,865,CRAWFORD,20,KANSAS
21179,864,NELSON,21,KENTUCKY
28107,862,PANOLA,28,MISSISSIPPI
13033,862,BURKE,13,GEORGIA
30081,862,RAVALLI,30,MONTANA
05009,862,BOONE,05,ARKANSAS
18013,861,BROWN,18,INDIANA
19139,859,MUSCATINE,19,IOWA
20121,859,MIAMI,20,KANSAS
42103,859,PIKE,42,PENNSYLVANIA
39059,857,GUERNSEY,39,OHIO
51520,856,BRISTOL,51,VIRGINIA
13085,855,DAWSON,13,GEORGIA
05139,855,UNION,05,ARKANSAS
21121,854,KNOX,21,KENTUCKY
22007,854,ASSUMPTION,22,LOUISIANA
04009,854,GRAHAM,04,ARIZONA
23009,854,HANCOCK,23,MAINE
35017,853,GRANT,35,NEW MEXICO
39107,852,MERCER,39,OHIO
54069,851,OHIO,54,WEST VIRGINIA
08085,851,MONTROSE,08,COLORADO
40137,851,STEPHENS,40,OKLAHOMA
56005,848,CAMPBELL,56,WYOMING
18031,847,DECATUR,18,INDIANA
40015,847,CADDO,40,OKLAHOMA
51053,847,DINWIDDIE,51,VIRGINIA
27095,847,MILLE LACS,27,MINNESOTA
48015,847,AUSTIN,48,TEXAS
54055,846,MERCER,54,WEST VIRGINIA
45089,843,WILLIAMSBURG,45,SOUTH CAROLINA
53003,842,ASOTIN,53,WASHINGTON
18093,840,LAWRENCE,18,INDIANA
37047,838,COLUMBUS,37,NORTH CAROLINA
01021,837,CHILTON,01,ALABAMA
18135,837,RANDOLPH,18,INDIANA
19015,837,BOONE,19,IOWA
47115,837,MARION,47,TENNESSEE
22117,837,WASHINGTON,22,LOUISIANA
13199,835,MERIWETHER,13,GEORGIA
55001,834,ADAMS,55,WISCONSIN
54099,833,WAYNE,54,WEST VIRGINIA
13169,832,JONES,13,GEORGIA
26165,831,WEXFORD,26,MICHIGAN
55049,829,IOWA,55,WISCONSIN
13187,827,LUMPKIN,13,GEORGIA
05063,826,INDEPENDENCE,05,ARKANSAS
29119,826,MCDONALD,29,MISSOURI
27097,826,MORRISON,27,MINNESOTA
29049,824,CLINTON,29,MISSOURI
32001,824,CHURCHILL,32,NEVADA
39171,823,WILLIAMS,39,OHIO
47045,822,DYER,47,TENNESSEE
50011,819,FRANKLIN,50,VERMONT
19127,818,MARSHALL,19,IOWA
37145,817,PERSON,37,NORTH CAROLINA
23015,817,LINCOLN,23,MAINE
47183,817,WEAKLEY,47,TENNESSEE
20149,815,POTTAWATOMIE,20,KANSAS
05123,814,ST FRANCIS,05,ARKANSAS
47117,813,MARSHALL,47,TENNESSEE
19011,812,BENTON,19,IOWA
21137,812,LINCOLN,21,KENTUCKY
47051,812,FRANKLIN,47,TENNESSEE
01123,811,TALLAPOOSA,01,ALABAMA
18051,810,GIBSON,18,INDIANA
40039,809,CUSTER,40,OKLAHOMA
01059,809,FRANKLIN,01,ALABAMA
05055,808,GREENE,05,ARKANSAS
27115,807,PINE,27,MINNESOTA
40115,806,OTTAWA,40,OKLAHOMA
20125,805,MONTGOMERY,20,KANSAS
17027,805,CLINTON,17,ILLINOIS
18079,804,JENNINGS,18,INDIANA
48407,801,SAN JACINTO,48,TEXAS
20035,800,COWLEY,20,KANSAS
54019,799,FAYETTE,54,WEST VIRGINIA
13027,798,BROOKS,13,GEORGIA
40121,798,PITTSBURG,40,OKLAHOMA
08093,798,PARK,08,COLORADO
05111,796,POINSETT,05,ARKANSAS
27005,796,BECKER,27,MINNESOTA
12027,792,DE SOTO,12,FLORIDA
37165,790,SCOTLAND,37,NORTH CAROLINA
18023,787,CLINTON,18,INDIANA
29167,786,POLK,29,MISSOURI
17055,784,FRANKLIN,17,ILLINOIS
22053,783,JEFFERSON DAVIS,22,LOUISIANA
21163,782,MEADE,21,KENTUCKY
02110,782,JUNEAU,02,ALASKA
47057,782,GRAINGER,47,TENNESSEE
18037,781,DUBOIS,18,INDIANA
51610,780,FALLS CHURCH,51,VIRGINIA
19179,779,WAPELLO,19,IOWA
45067,779,MARION,45,SOUTH CAROLINA
01061,778,GENEVA,01,ALABAMA
17137,778,MORGAN,17,ILLINOIS
05149,777,YELL,05,ARKANSAS
31141,776,PLATTE,31,NEBRASKA
08039,775,ELBERT,08,COLORADO
48477,775,WASHINGTON,48,TEXAS
40065,774,JACKSON,40,OKLAHOMA
18077,772,JEFFERSON,18,INDIANA
35006,770,CIBOLA,35,NEW MEXICO
55045,767,GREEN,55,WISCONSIN
21195,767,PIKE,21,KENTUCKY
47035,767,CUMBERLAND,47,TENNESSEE
28001,766,ADAMS,28,MISSISSIPPI
51099,765,KING GEORGE,51,VIRGINIA
48363,764,PALO PINTO,48,TEXAS
39079,764,JACKSON,39,OHIO
29177,762,RAY,29,MISSOURI
40049,762,GARVIN,40,OKLAHOMA
45029,761,COLLETON,45,SOUTH CAROLINA
18179,761,WELLS,18,INDIANA
39075,760,HOLMES,39,OHIO
27041,759,DOUGLAS,27,MINNESOTA
17021,758,CHRISTIAN,17,ILLINOIS
45001,757,ABBEVILLE,45,SOUTH CAROLINA
16075,757,PAYETTE,16,IDAHO
21083,756,GRAVES,21,KENTUCKY
28029,756,COPIAH,28,MISSISSIPPI
51171,756,SHENANDOAH,51,VIRGINIA
29091,754,HOWELL,29,MISSOURI
48449,754,TITUS,48,TEXAS
46011,753,BROOKINGS,46,SOUTH DAKOTA
39065,752,HARDIN,39,OHIO
24001,752,ALLEGANY,24,MARYLAND
18149,751,STARKE,18,INDIANA
22031,751,DE SOTO,22,LOUISIANA
47173,750,UNION,47,TENNESSEE
28085,750,LINCOLN,28,MISSISSIPPI
12007,750,BRADFORD,12,FLORIDA
22049,748,JACKSON,22,LOUISIANA
53047,747,OKANOGAN,53,WASHINGTON
05059,746,HOT SPRING,05,ARKANSAS
17121,746,MARION,17,ILLINOIS
21017,746,BOURBON,21,KENTUCKY
28023,745,CLARKE,28,MISSISSIPPI
21199,744,PULASKI,21,KENTUCKY
18107,743,MONTGOMERY,18,INDIANA
47131,743,OBION,47,TENNESSEE
42125,742,WASHINGTON,42,PENNSYLVANIA
42069,741,LACKAWANNA,42,PENNSYLVANIA
21005,741,ANDERSON,21,KENTUCKY
17133,737,MONROE,17,ILLINOIS
13227,737,PICKENS,13,GEORGIA
18181,737,WHITE,18,INDIANA
13171,736,LAMAR,13,GEORGIA
20059,736,FRANKLIN,20,KANSAS
45061,735,LEE,45,SOUTH CAROLINA
46029,735,CODINGTON,46,SOUTH DAKOTA
55057,734,JUNEAU,55,WISCONSIN
47025,731,CLAIBORNE,47,TENNESSEE
51820,729,WAYNESBORO,51,VIRGINIA
48025,729,BEE,48,TEXAS
51109,728,LOUISA,51,VIRGINIA
37087,727,HAYWOOD,37,NORTH CAROLINA
13119,725,FRANKLIN,13,GEORGIA
05023,725,CLEBURNE,05,ARKANSAS
22043,725,GRANT,22,LOUISIANA
50001,725,ADDISON,50,VERMONT
51155,724,PULASKI,51,VIRGINIA
18137,724,RIPLEY,18,INDIANA
27099,723,MOWER,27,MINNESOTA
21013,722,BELL,21,KENTUCKY
36019,722,CLINTON,36,NEW YORK
18143,719,SCOTT,18,INDIANA
40117,719,PAWNEE,40,OKLAHOMA
37123,719,MONTGOMERY,37,NORTH CAROLINA
26035,719,CLARE,26,MICHIGAN
45071,718,NEWBERRY,45,SOUTH CAROLINA
26133,718,OSCEOLA,26,MICHIGAN
28027,717,COAHOMA,28,MISSISSIPPI
19057,716,DES MOINES,19,IOWA
26127,716,OCEANA,26,MICHIGAN
12093,716,OKEECHOBEE,12,FLORIDA
20051,716,ELLIS,20,KANSAS
26103,716,MARQUETTE,26,MICHIGAN
28127,715,SIMPSON,28,MISSISSIPPI
29207,715,STODDARD,29,MISSOURI
49051,714,WASATCH,49,UTAH
05005,713,BAXTER,05,ARKANSAS
28145,712,UNION,28,MISSISSIPPI
23013,711,KNOX,23,MAINE
27061,711,ITASCA,27,MINNESOTA
48281,708,LAMPASAS,48,TEXAS
20087,707,JEFFERSON,20,KANSAS
13175,707,LAURENS,13,GEORGIA
22039,707,EVANGELINE,22,LOUISIANA
50003,706,BENNINGTON,50,VERMONT
39137,706,PUTNAM,39,OHIO
47097,705,LAUDERDALE,47,TENNESSEE
13071,703,COLQUITT,13,GEORGIA
18175,703,WASHINGTON,18,INDIANA
28095,702,MONROE,28,MISSISSIPPI
47099,701,LAWRENCE,47,TENNESSEE
18049,696,FULTON,18,INDIANA
18083,695,KNOX,18,INDIANA
51075,695,GOOCHLAND,51,VIRGINIA
28133,694,SUNFLOWER,28,MISSISSIPPI
26063,693,HURON,26,MICHIGAN
17107,693,LOGAN,17,ILLINOIS
21157,693,MARSHALL,21,KENTUCKY
22037,693,EAST FELICIANA,22,LOUISIANA
29055,691,CRAWFORD,29,MISSOURI
21239,691,WOODFORD,21,KENTUCKY
17081,691,JEFFERSON,17,ILLINOIS
17049,691,EFFINGHAM,17,ILLINOIS
29186,691,STE GENEVIEVE,29,MISSOURI
27119,691,POLK,27,MINNESOTA
47177,689,WARREN,47,TENNESSEE
20057,689,FORD,20,KANSAS
29105,688,LACLEDE,29,MISSOURI
53031,688,JEFFERSON,53,WASHINGTON
17157,686,RANDOLPH,17,ILLINOIS
47103,686,LINCOLN,47,TENNESSEE
48007,686,ARANSAS,48,TEXAS
46081,686,LAWRENCE,46,SOUTH DAKOTA
21235,686,WHITLEY,21,KENTUCKY
19187,686,WEBSTER,19,IOWA
22067,685,MOREHOUSE,22,LOUISIANA
26009,685,ANTRIM,26,MICHIGAN
48463,685,UVALDE,48,TEXAS
41061,684,UNION,41,OREGON
27017,683,CARLTON,27,MINNESOTA
37111,683,MCDOWELL,37,NORTH CAROLINA
36031,682,ESSEX,36,NEW YORK
40133,682,SEMINOLE,40,OKLAHOMA
16067,682,MINIDOKA,16,IDAHO
31157,682,SCOTTS BLUFF,31,NEBRASKA
42055,681,FRANKLIN,42,PENNSYLVANIA
37099,681,JACKSON,37,NORTH CAROLINA
18001,678,ADAMS,18,INDIANA
17057,678,FULTON,17,ILLINOIS
22003,678,ALLEN,22,LOUISIANA
27093,677,MEEKER,27,MINNESOTA
26051,677,GLADWIN,26,MICHIGAN
13207,677,MONROE,13,GEORGIA
23007,676,FRANKLIN,23,MAINE
22009,676,AVOYELLES,22,LOUISIANA
01039,676,COVINGTON,01,ALABAMA
48365,676,PANOLA,48,TEXAS
55047,675,GREEN LAKE,55,WISCONSIN
28115,675,PONTOTOC,28,MISSISSIPPI
39053,674,GALLIA,39,OHIO
28031,673,COVINGTON,28,MISSISSIPPI
13261,673,SUMTER,13,GEORGIA
08029,672,DELTA,08,COLORADO
53051,672,PEND OREILLE,53,WASHINGTON
49007,671,CARBON,49,UTAH
12049,670,HARDEE,12,FLORIDA
06035,670,LASSEN,06,CALIFORNIA
48219,669,HOCKLEY,48,TEXAS
01005,668,BARBOUR,01,ALABAMA
18169,667,WABASH,18,INDIANA
08087,667,MORGAN,08,COLORADO
13311,666,WHITE,13,GEORGIA
05029,665,CONWAY,05,ARKANSAS
53001,664,ADAMS,53,WASHINGTON
42007,664,BEAVER,42,PENNSYLVANIA
19017,663,BREMER,19,IOWA
20191,661,SUMNER,20,KANSAS
24019,660,DORCHESTER,24,MARYLAND
31177,660,WASHINGTON,31,NEBRASKA
37055,659,DARE,37,NORTH CAROLINA
05053,659,GRANT,05,ARKANSAS
47081,656,HICKMAN,47,TENNESSEE
26029,655,CHARLEVOIX,26,MICHIGAN
27157,654,WABASHA,27,MINNESOTA
55121,652,TREMPEALEAU,55,WISCONSIN
05015,652,CARROLL,05,ARKANSAS
48331,651,MILAM,48,TEXAS
12133,650,WASHINGTON,12,FLORIDA
12003,650,BAKER,12,FLORIDA
05103,649,OUACHITA,05,ARKANSAS
31001,648,ADAMS,31,NEBRASKA
26047,647,EMMET,26,MICHIGAN
48227,645,HOWARD,48,TEXAS
19125,644,MARION,19,IOWA
05019,643,CLARK,05,ARKANSAS
26031,643,CHEBOYGAN,26,MICHIGAN
05083,643,LOGAN,05,ARKANSAS
21027,643,BRECKINRIDGE,21,KENTUCKY
21103,643,HENRY,21,KENTUCKY
20021,642,CHEROKEE,20,KANSAS
18139,640,RUSH,18,INDIANA
35047,640,SAN MIGUEL,35,NEW MEXICO
51065,638,FLUVANNA,51,VIRGINIA
36033,638,FRANKLIN,36,NEW YORK
06021,635,GLENN,06,CALIFORNIA
47075,634,HAYWOOD,47,TENNESSEE
45069,634,MARLBORO,45,SOUTH CAROLINA
13131,633,GRADY,13,GEORGIA
13231,633,PIKE,13,GEORGIA
51195,632,WISE,51,VIRGINIA
21003,630,ALLEN,21,KENTUCKY
45037,629,EDGEFIELD,45,SOUTH CAROLINA
55069,628,LINCOLN,55,WISCONSIN
28123,627,SCOTT,28,MISSISSIPPI
39175,627,WYANDOT,39,OHIO
29083,626,HENRY,29,MISSOURI
28143,625,TUNICA,28,MISSISSIPPI
30093,624,SILVER BOW,30,MONTANA
28003,624,ALCORN,28,MISSISSIPPI
18045,624,FOUNTAIN,18,INDIANA
46013,622,BROWN,46,SOUTH DAKOTA
19031,621,CEDAR,19,IOWA
41027,621,HOOD RIVER,41,OREGON
27083,620,LYON,27,MINNESOTA
01109,619,PIKE,01,ALABAMA
29127,619,MARION,29,MISSOURI
20009,618,BARTON,20,KANSAS
31047,617,DAWSON,31,NEBRASKA
01007,616,BIBB,01,ALABAMA
47029,616,COCKE,47,TENNESSEE
21141,615,LOGAN,21,KENTUCKY
29007,615,AUDRAIN,29,MISSOURI
33007,614,COOS,33,NEW HAMPSHIRE
20113,613,MCPHERSON,20,KANSAS
51185,611,TAZEWELL,51,VIRGINIA
45033,609,DILLON,45,SOUTH CAROLINA
47129,609,MORGAN,47,TENNESSEE
22077,609,POINTE COUPEE,22,LOUISIANA
13159,609,JASPER,13,GEORGIA
17041,609,DOUGLAS,17,ILLINOIS
47015,608,CANNON,47,TENNESSEE
20175,608,SEWARD,20,KANSAS
48035,607,BOSQUE,48,TEXAS
47077,607,HENDERSON,47,TENNESSEE
47143,607,RHEA,47,TENNESSEE
17083,606,JERSEY,17,ILLINOIS
39125,605,PAULDING,39,OHIO
22083,604,RICHLAND,22,LOUISIANA
48489,603,WILLACY,48,TEXAS
12059,603,HOLMES,12,FLORIDA
42019,602,BUTLER,42,PENNSYLVANIA
42085,602,MERCER,42,PENNSYLVANIA
31155,602,SAUNDERS,31,NEBRASKA
41013,601,CROOK,41,OREGON
47013,600,CAMPBELL,47,TENNESSEE
48019,599,BANDERA,48,TEXAS
13025,599,BRANTLEY,13,GEORGIA
27039,598,DODGE,27,MINNESOTA
49047,598,UINTAH,49,UTAH
29143,598,NEW MADRID,29,MISSOURI
12129,598,WAKULLA,12,FLORIDA
37053,596,CURRITUCK,37,NORTH CAROLINA
16073,596,OWYHEE,16,IDAHO
21071,594,FLOYD,21,KENTUCKY
05057,594,HEMPSTEAD,05,ARKANSAS
13069,593,COFFEE,13,GEORGIA
21167,592,MERCER,21,KENTUCKY
13189,592,MCDUFFIE,13,GEORGIA
47139,592,POLK,47,TENNESSEE
45039,592,FAIRFIELD,45,SOUTH CAROLINA
26137,592,OTSEGO,26,MICHIGAN
22093,591,ST JAMES,22,LOUISIANA
50015,591,LAMOILLE,50,VERMONT
56013,590,FREMONT,56,WYOMING
31111,590,LINCOLN,31,NEBRASKA
01087,590,MACON,01,ALABAMA
56041,588,UINTA,56,WYOMING
29131,588,MILLER,29,MISSOURI
17173,586,SHELBY,17,ILLINOIS
27161,586,WASECA,27,MINNESOTA
51790,586,STAUNTON,51,VIRGINIA
37007,586,ANSON,37,NORTH CAROLINA
22111,585,UNION,22,LOUISIANA
28101,585,NEWTON,28,MISSISSIPPI
01067,585,HENRY,01,ALABAMA
47023,585,CHESTER,47,TENNESSEE
55137,585,WAUSHARA,55,WISCONSIN
51167,584,RUSSELL,51,VIRGINIA
01133,584,WINSTON,01,ALABAMA
50005,584,CALEDONIA,50,VERMONT
45087,583,UNION,45,SOUTH CAROLINA
29221,583,WASHINGTON,29,MISSOURI
01085,582,LOWNDES,01,ALABAMA
21173,582,MONTGOMERY,21,KENTUCKY
20041,582,DICKINSON,20,KANSAS
17135,581,MONTGOMERY,17,ILLINOIS
28079,579,LEAKE,28,MISSISSIPPI
54005,579,BOONE,54,WEST VIRGINIA
29229,578,WRIGHT,29,MISSOURI
01037,577,COOSA,01,ALABAMA
37131,576,NORTHAMPTON,37,NORTH CAROLINA
36095,576,SCHOHARIE,36,NEW YORK
28117,576,PRENTISS,28,MISSISSIPPI
18041,576,FAYETTE,18,INDIANA
17109,576,MCDONOUGH,17,ILLINOIS
16043,575,FREMONT,16,IDAHO
24039,575,SOMERSET,24,MARYLAND
55123,574,VERNON,55,WISCONSIN
01093,574,MARION,01,ALABAMA
40001,573,ADAIR,40,OKLAHOMA
47069,573,HARDEMAN,47,TENNESSEE
47071,573,HARDIN,47,TENNESSEE
51145,572,POWHATAN,51,VIRGINIA
47041,572,DE KALB,47,TENNESSEE
48341,571,MOORE,48,TEXAS
13321,571,WORTH,13,GEORGIA
13055,570,CHATTOOGA,13,GEORGIA
13257,570,STEPHENS,13,GEORGIA
29141,570,MORGAN,29,MISSOURI
41057,569,TILLAMOOK,41,OREGON
13087,569,DECATUR,13,GEORGIA
27065,569,KANABEC,27,MINNESOTA
39161,568,VAN WERT,39,OHIO
41015,567,CURRY,41,OREGON
26069,567,IOSCO,26,MICHIGAN
26143,567,ROSCOMMON,26,MICHIGAN
48225,566,HOUSTON,48,TEXAS
54051,565,MARSHALL,54,WEST VIRGINIA
16045,564,GEM,16,IDAHO
37117,564,MARTIN,37,NORTH CAROLINA
05047,563,FRANKLIN,05,ARKANSAS
47033,562,CROCKETT,47,TENNESSEE
47159,562,SMITH,47,TENNESSEE
48293,561,LIMESTONE,48,TEXAS
18147,561,SPENCER,18,INDIANA
19019,559,BUCHANAN,19,IOWA
29013,555,BATES,29,MISSOURI
35027,555,LINCOLN,35,NEW MEXICO
45017,552,CALHOUN,45,SOUTH CAROLINA
19111,552,LEE,19,IOWA
49037,552,SAN JUAN,49,UTAH
27045,551,FILLMORE,27,MINNESOTA
22091,550,ST HELENA,22,LOUISIANA
17145,549,PERRY,17,ILLINOIS
48337,549,MONTAGUE,48,TEXAS
08075,549,LOGAN,08,COLORADO
08097,548,PITKIN,08,COLORADO
48253,545,JONES,48,TEXAS
08107,544,ROUTT,08,COLORADO
48051,543,BURLESON,48,TEXAS
37115,543,MADISON,37,NORTH CAROLINA
51750,543,RADFORD,51,VIRGINIA
35028,542,LOS ALAMOS,35,NEW MEXICO
51127,542,NEW KENT,51,VIRGINIA
28017,542,CHICKASAW,28,MISSISSIPPI
21191,542,PENDLETON,21,KENTUCKY
37175,542,TRANSYLVANIA,37,NORTH CAROLINA
18121,541,PARKE,18,INDIANA
54057,541,MINERAL,54,WEST VIRGINIA
19123,540,MAHASKA,19,IOWA
17125,539,MASON,17,ILLINOIS
27047,539,FREEBORN,27,MINNESOTA
21035,537,CALLOWAY,21,KENTUCKY
36097,534,SCHUYLER,36,NEW YORK
01065,533,HALE,01,ALABAMA
18165,533,VERMILLION,18,INDIANA
48395,532,ROBERTSON,48,TEXAS
56039,532,TETON,56,WYOMING
47079,532,HENRY,47,TENNESSEE
51117,532,MECKLENBURG,51,VIRGINIA
18159,532,TIPTON,18,INDIANA
28043,531,GRENADA,28,MISSISSIPPI
23029,531,WASHINGTON,23,MAINE
01019,529,CHEROKEE,01,ALABAMA
28099,528,NESHOBA,28,MISSISSIPPI
48351,528,NEWTON,48,TEXAS
54009,528,BROOKE,54,WEST VIRGINIA
28039,527,GEORGE,28,MISSISSIPPI
41065,527,WASCO,41,OREGON
28061,526,JASPER,28,MISSISSIPPI
06051,526,MONO,06,CALIFORNIA
49041,525,SEVIER,49,UTAH
48457,525,TYLER,48,TEXAS
27153,524,TODD,27,MINNESOTA
19183,523,WASHINGTON,19,IOWA
05043,523,DREW,05,ARKANSAS
48145,523,FALLS,48,TEXAS
12041,522,GILCHRIST,12,FLORIDA
40091,521,MCINTOSH,40,OKLAHOMA
20139,520,OSAGE,20,KANSAS
26129,520,OGEMAW,26,MICHIGAN
22013,520,BIENVILLE,22,LOUISIANA
47133,519,OVERTON,47,TENNESSEE
13147,519,HART,13,GEORGIA
51083,519,HALIFAX,51,VIRGINIA
05087,518,MADISON,05,ARKANSAS
39067,517,HARRISON,39,OHIO
48089,516,COLORADO,48,TEXAS
54059,515,MINGO,54,WEST VIRGINIA
48233,515,HUTCHINSON,48,TEXAS
19065,513,FAYETTE,19,IOWA
05071,512,JOHNSON,05,ARKANSAS
29073,512,GASCONADE,29,MISSOURI
48343,512,MORRIS,48,TEXAS
39115,512,MORGAN,39,OHIO
17147,511,PIATT,17,ILLINOIS
13237,509,PUTNAM,13,GEORGIA
51043,509,CLARKE,51,VIRGINIA
13211,508,MORGAN,13,GEORGIA
08019,508,CLEAR CREEK,08,COLORADO
48161,507,FREESTONE,48,TEXAS
13019,507,BERRIEN,13,GEORGIA
17039,505,DE WITT,17,ILLINOIS
28163,504,YAZOO,28,MISSISSIPPI
38077,502,RICHLAND,38,NORTH DAKOTA
26019,502,BENZIE,26,MICHIGAN
13183,502,LONG,13,GEORGIA
05075,501,LAWRENCE,05,ARKANSAS
16047,501,GOODING,16,IDAHO
35057,501,TORRANCE,35,NEW MEXICO
35041,500,ROOSEVELT,35,NEW MEXICO
13079,499,CRAWFORD,13,GEORGIA
51101,499,KING WILLIAM,51,VIRGINIA
13123,499,GILMER,13,GEORGIA
26089,499,LEELANAU,26,MICHIGAN
12065,498,JEFFERSON,12,FLORIDA
28139,498,TIPPAH,28,MISSISSIPPI
54045,498,LOGAN,54,WEST VIRGINIA
26109,498,MENOMINEE,26,MICHIGAN
54043,497,LINCOLN,54,WEST VIRGINIA
42001,497,ADAMS,42,PENNSYLVANIA
19115,496,LOUISA,19,IOWA
31067,494,GAGE,31,NEBRASKA
04012,494,LA PAZ,04,ARIZONA
56029,494,PARK,56,WYOMING
13075,494,COOK,13,GEORGIA
13205,494,MITCHELL,13,GEORGIA
21215,492,SPENCER,21,KENTUCKY
45053,492,JASPER,45,SOUTH CAROLINA
48057,492,CALHOUN,48,TEXAS
47109,491,MCNAIRY,47,TENNESSEE
53039,491,KLICKITAT,53,WASHINGTON
21213,490,SIMPSON,21,KENTUCKY
48117,489,DEAF SMITH,48,TEXAS
18075,488,JAY,18,INDIANA
54053,488,MASON,54,WEST VIRGINIA
51173,487,SMYTH,51,VIRGINIA
28091,487,MARION,28,MISSISSIPPI
05037,487,CROSS,05,ARKANSAS
06043,486,MARIPOSA,06,CALIFORNIA
56033,486,SHERIDAN,56,WYOMING
17053,486,FORD,17,ILLINOIS
36123,486,YATES,36,NEW YORK
45049,485,HAMPTON,45,SOUTH CAROLINA
35055,485,TAOS,35,NEW MEXICO
18153,484,SULLIVAN,18,INDIANA
26079,484,KALKASKA,26,MICHIGAN
48149,484,FAYETTE,48,TEXAS
54027,481,HAMPSHIRE,54,WEST VIRGINIA
13083,480,DADE,13,GEORGIA
13279,480,TOOMBS,13,GEORGIA
18111,480,NEWTON,18,INDIANA
21177,480,MUHLENBERG,21,KENTUCKY
29059,479,DALLAS,29,MISSOURI
48171,479,GILLESPIE,48,TEXAS
51007,478,AMELIA,51,VIRGINIA
51197,478,WYTHE,51,VIRGINIA
48299,477,LLANO,48,TEXAS
17085,477,JO DAVIESS,17,ILLINOIS
35029,476,LUNA,35,NEW MEXICO
29175,476,RANDOLPH,29,MISSOURI
51735,475,POQUOSON,51,VIRGINIA
31131,475,OTOE,31,NEBRASKA
21233,475,WEBSTER,21,KENTUCKY
42015,475,BRADFORD,42,PENNSYLVANIA
30047,474,LAKE,30,MONTANA
48063,473,CAMP,48,TEXAS
28005,472,AMITE,28,MISSISSIPPI
19121,472,MADISON,19,IOWA
18027,471,DAVIESS,18,INDIANA
19149,470,PLYMOUTH,19,IOWA
55029,470,DOOR,55,WISCONSIN
28025,470,CLAY,28,MISSISSIPPI
01025,469,CLARKE,01,ALABAMA
06063,469,PLUMAS,06,CALIFORNIA
01029,468,CLEBURNE,01,ALABAMA
47171,467,UNICOI,47,TENNESSEE
51169,467,SCOTT,51,VIRGINIA
17131,467,MERCER,17,ILLINOIS
17187,466,WARREN,17,ILLINOIS
48419,466,SHELBY,48,TEXAS
01129,465,WASHINGTON,01,ALABAMA
28051,463,HOLMES,28,MISSISSIPPI
28015,463,CARROLL,28,MISSISSIPPI
13229,463,PIERCE,13,GEORGIA
51001,462,ACCOMACK,51,VIRGINIA
48289,462,LEON,48,TEXAS
08089,461,OTERO,08,COLORADO
08083,461,MONTEZUMA,08,COLORADO
18009,460,BLACKFORD,18,INDIANA
17139,460,MOULTRIE,17,ILLINOIS
19129,458,MILLS,19,IOWA
08003,458,ALAMOSA,08,COLORADO
46027,456,CLAY,46,SOUTH DAKOTA
21161,456,MASON,21,KENTUCKY
18131,455,PULASKI,18,INDIANA
51079,455,GREENE,51,VIRGINIA
20085,455,JACKSON,20,KANSAS
21205,454,ROWAN,21,KENTUCKY
47185,454,WHITE,47,TENNESSEE
47111,451,MACON,47,TENNESSEE
26105,451,MASON,26,MICHIGAN
46035,451,DAVISON,46,SOUTH DAKOTA
45011,451,BARNWELL,45,SOUTH CAROLINA
29011,451,BARTON,29,MISSOURI
21193,451,PERRY,21,KENTUCKY
48455,451,TRINITY,48,TEXAS
01057,450,FAYETTE,01,ALABAMA
27015,450,BROWN,27,MINNESOTA
29215,449,TEXAS,29,MISSOURI
48389,449,REEVES,48,TEXAS
06027,446,INYO,06,CALIFORNIA
21097,446,HARRISON,21,KENTUCKY
20099,446,LABETTE,20,KANSAS
13293,445,UPSON,13,GEORGIA
05041,445,DESHA,05,ARKANSAS
48279,444,LAMB,48,TEXAS
37149,444,POLK,37,NORTH CAROLINA
35053,443,SOCORRO,35,NEW MEXICO
06011,443,COLUSA,06,CALIFORNIA
19087,442,HENRY,19,IOWA
02150,442,KODIAK ISLAND,02,ALASKA
05067,442,JACKSON,05,ARKANSAS
21123,440,LARUE,21,KENTUCKY
01041,440,CRENSHAW,01,ALABAMA
55103,439,RICHLAND,55,WISCONSIN
16013,439,BLAINE,16,IDAHO
27055,439,HOUSTON,27,MINNESOTA
20005,438,ATCHISON,20,KANSAS
28065,438,JEFFERSON DAVIS,28,MISSISSIPPI
55023,438,CRAWFORD,55,WISCONSIN
46135,438,YANKTON,46,SOUTH DAKOTA
48077,438,CLAY,48,TEXAS
37091,437,HERTFORD,37,NORTH CAROLINA
55077,436,MARQUETTE,55,WISCONSIN
51147,436,PRINCE EDWARD,51,VIRGINIA
17123,436,MARSHALL,17,ILLINOIS
26041,435,DELTA,26,MICHIGAN
54047,434,MCDOWELL,54,WEST VIRGINIA
55011,434,BUFFALO,55,WISCONSIN
21043,434,CARTER,21,KENTUCKY
21217,433,TAYLOR,21,KENTUCKY
21065,433,ESTILL,21,KENTUCKY
51035,433,CARROLL,51,VIRGINIA
13149,433,HEARD,13,GEORGIA
40035,433,CRAIG,40,OKLAHOMA
17067,433,HANCOCK,17,ILLINOIS
48179,433,GRAY,48,TEXAS
24029,432,KENT,24,MARYLAND
29155,431,PEMISCOT,29,MISSOURI
05021,431,CLAY,05,ARKANSAS
05135,431,SHARP,05,ARKANSAS
28161,431,YALOBUSHA,28,MISSISSIPPI
51193,430,WESTMORELAND,51,VIRGINIA
21061,430,EDMONSON,21,KENTUCKY
36049,429,LEWIS,36,NEW YORK
13289,428,TWIGGS,13,GEORGIA
54029,428,HANCOCK,54,WEST VIRGINIA
45081,427,SALUDA,45,SOUTH CAROLINA
17015,427,CARROLL,17,ILLINOIS
32029,426,STOREY,32,NEVADA
31159,426,SEWARD,31,NEBRASKA
49013,423,DUCHESNE,49,UTAH
05107,422,PHILLIPS,05,ARKANSAS
21001,422,ADAIR,21,KENTUCKY
26101,421,MANISTEE,26,MICHIGAN
17017,421,CASS,17,ILLINOIS
48133,420,EASTLAND,48,TEXAS
21085,420,GRAYSON,21,KENTUCKY
47087,420,JACKSON,47,TENNESSEE
48285,419,LAVACA,48,TEXAS
05027,419,COLUMBIA,05,ARKANSAS
51139,417,PAGE,51,VIRGINIA
01111,417,RANDOLPH,01,ALABAMA
53049,417,PACIFIC,53,WASHINGTON
51027,416,BUCHANAN,51,VIRGINIA
19055,416,DELAWARE,19,IOWA
55065,416,LAFAYETTE,55,WISCONSIN
12125,415,UNION,12,FLORIDA
29067,415,DOUGLAS,29,MISSOURI
55053,414,JACKSON,55,WISCONSIN
48503,413,YOUNG,48,TEXAS
19043,413,CLAYTON,19,IOWA
29001,411,ADAIR,29,MISSOURI
12043,411,GLADES,12,FLORIDA
46065,411,HUGHES,46,SOUTH DAKOTA
40089,410,MCCURTAIN,40,OKLAHOMA
55067,410,LANGLADE,55,WISCONSIN
39105,408,MEIGS,39,OHIO
18117,408,ORANGE,18,INDIANA
01107,407,PICKENS,01,ALABAMA
48239,407,JACKSON,48,TEXAS
41049,407,MORROW,41,OREGON
29135,406,MONITEAU,29,MISSOURI
55061,406,KEWAUNEE,55,WISCONSIN
29217,405,VERNON,29,MISSOURI
55125,405,VILAS,55,WISCONSIN
48287,405,LEE,48,TEXAS
21087,404,GREEN,21,KENTUCKY
48177,403,GONZALES,48,TEXAS
13107,403,EMANUEL,13,GEORGIA
19095,402,IOWA,19,IOWA
21041,401,CARROLL,21,KENTUCKY
17005,401,BOND,17,ILLINOIS
49027,400,MILLARD,49,UTAH
40105,400,NOWATA,40,OKLAHOMA
41031,398,JEFFERSON,41,OREGON
21099,397,HART,21,KENTUCKY
22085,397,SABINE,22,LOUISIANA
46127,397,UNION,46,SOUTH DAKOTA
19097,396,JACKSON,19,IOWA
48059,395,CALLAHAN,48,TEXAS
29053,395,COOPER,29,MISSOURI
31037,395,COLFAX,31,NEBRASKA
37015,395,BERTIE,37,NORTH CAROLINA
21119,394,KNOTT,21,KENTUCKY
40107,394,OKFUSKEE,40,OKLAHOMA
17051,393,FAYETTE,17,ILLINOIS
13081,392,CRISP,13,GEORGIA
54035,392,JACKSON,54,WEST VIRGINIA
27129,391,RENVILLE,27,MINNESOTA
28077,391,LAWRENCE,28,MISSISSIPPI
28153,391,WAYNE,28,MISSISSIPPI
17189,390,WASHINGTON,17,ILLINOIS
28129,389,SMITH,28,MISSISSIPPI
17035,389,CUMBERLAND,17,ILLINOIS
51163,389,ROCKBRIDGE,51,VIRGINIA
19167,388,SIOUX,19,IOWA
26011,387,ARENAC,26,MICHIGAN
27143,386,SIBLEY,27,MINNESOTA
13221,386,OGLETHORPE,13,GEORGIA
08015,386,CHAFFEE,08,COLORADO
17045,385,EDGAR,17,ILLINOIS
05003,385,ASHLEY,05,ARKANSAS
05089,384,MARION,05,ARKANSAS
01013,384,BUTLER,01,ALABAMA
51175,384,SOUTHAMPTON,51,VIRGINIA
48123,383,DE WITT,48,TEXAS
12029,383,DIXIE,12,FLORIDA
22027,383,CLAIBORNE,22,LOUISIANA
29195,383,SALINE,29,MISSOURI
56007,382,CARBON,56,WYOMING
47121,382,MEIGS,47,TENNESSEE
19021,380,BUENA VISTA,19,IOWA
45009,380,BAMBERG,45,SOUTH CAROLINA
18007,379,BENTON,18,INDIANA
51135,378,NOTTOWAY,51,VIRGINIA
40103,377,NOBLE,40,OKLAHOMA
37185,376,WARREN,37,NORTH CAROLINA
50019,376,ORLEANS,50,VERMONT
02050,375,BETHEL,02,ALASKA
17129,375,MENARD,17,ILLINOIS
18025,375,CRAWFORD,18,INDIANA
18123,374,PERRY,18,INDIANA
05017,374,CHICOT,05,ARKANSAS
22041,374,FRANKLIN,22,LOUISIANA
37103,372,JONES,37,NORTH CAROLINA
06015,372,DEL NORTE,06,CALIFORNIA
40009,371,BECKHAM,40,OKLAHOMA
29147,371,NODAWAY,29,MISSOURI
38093,371,STUTSMAN,38,NORTH DAKOTA
19105,370,JONES,19,IOWA
21183,369,OHIO,21,KENTUCKY
26007,368,ALPENA,26,MICHIGAN
05127,368,SCOTT,05,ARKANSAS
01099,368,MONROE,01,ALABAMA
29139,368,MONTGOMERY,29,MISSOURI
51125,368,NELSON,51,VIRGINIA
56009,367,CONVERSE,56,WYOMING
48379,367,RAINS,48,TEXAS
48131,366,DUVAL,48,TEXAS
19041,366,CLAY,19,IOWA
29017,366,BOLLINGER,29,MISSOURI
01075,365,LAMAR,01,ALABAMA
54077,365,PRESTON,54,WEST VIRGINIA
48315,365,MARION,48,TEXAS
19079,364,HAMILTON,19,IOWA
48369,364,PARMER,48,TEXAS
29093,363,IRON,29,MISSOURI
21115,363,JOHNSON,21,KENTUCKY
26033,362,CHIPPEWA,26,MICHIGAN
40063,362,HUGHES,40,OKLAHOMA
13155,362,IRWIN,13,GEORGIA
28131,361,STONE,28,MISSISSIPPI
05113,360,POLK,05,ARKANSAS
48009,359,ARCHER,48,TEXAS
21203,359,ROCKCASTLE,21,KENTUCKY
21225,359,UNION,21,KENTUCKY
30041,356,HILL,30,MONTANA
28141,356,TISHOMINGO,28,MISSISSIPPI
51025,355,BRUNSWICK,51,VIRGINIA
21045,355,CASEY,21,KENTUCKY
22125,355,WEST FELICIANA,22,LOUISIANA
29121,355,MACON,29,MISSOURI
01027,354,CLAY,01,ALABAMA
13093,354,DOOLY,13,GEORGIA
28009,354,BENTON,28,MISSISSIPPI
29015,353,BENTON,29,MISSOURI
48175,352,GOLIAD,48,TEXAS
13163,352,JEFFERSON,13,GEORGIA
55129,351,WASHBURN,55,WISCONSIN
28007,349,ATTALA,28,MISSISSIPPI
31151,348,SALINE,31,NEBRASKA
40073,348,KINGFISHER,40,OKLAHOMA
27023,348,CHIPPEWA,27,MINNESOTA
30067,348,PARK,30,MONTANA
05105,348,PERRY,05,ARKANSAS
05061,347,HOWARD,05,ARKANSAS
29157,346,PERRY,29,MISSOURI
29039,346,CEDAR,29,MISSOURI
21219,346,TODD,21,KENTUCKY
48353,346,NOLAN,48,TEXAS
08049,346,GRAND,08,COLORADO
05081,346,LITTLE RIVER,05,ARKANSAS
51690,345,MARTINSVILLE,51,VIRGINIA
17087,345,JOHNSON,17,ILLINOIS
47005,345,BENTON,47,TENNESSEE
29025,344,CALDWELL,29,MISSOURI
17023,344,CLARK,17,ILLINOIS
32013,343,HUMBOLDT,32,NEVADA
28013,343,CALHOUN,28,MISSISSIPPI
40153,342,WOODWARD,40,OKLAHOMA
17165,341,SALINE,17,ILLINOIS
48165,341,GAINES,48,TEXAS
02130,340,KETCHIKAN GATEWAY,02,ALASKA
19023,340,BUTLER,19,IOWA
55013,340,BURNETT,55,WISCONSIN
21033,339,CALDWELL,21,KENTUCKY
51113,339,MADISON,51,VIRGINIA
13133,339,GREENE,13,GEORGIA
56023,338,LINCOLN,56,WYOMING
22029,338,CONCORDIA,22,LOUISIANA
37011,338,AVERY,37,NORTH CAROLINA
13017,338,BEN HILL,13,GEORGIA
51063,337,FLOYD,51,VIRGINIA
21095,336,HARLAN,21,KENTUCKY
19157,336,POWESHIEK,19,IOWA
51036,335,CHARLES CITY,51,VIRGINIA
13091,335,DODGE,13,GEORGIA
18125,334,PIKE,18,INDIANA
05121,334,RANDOLPH,05,ARKANSAS
26043,333,DICKINSON,26,MICHIGAN
19085,333,HARRISON,19,IOWA
47085,333,HUMPHREYS,47,TENNESSEE
38089,332,STARK,38,NORTH DAKOTA
48377,332,PRESIDIO,48,TEXAS
20011,332,BOURBON,20,KANSAS
48313,331,MADISON,48,TEXAS
48115,330,DAWSON,48,TEXAS
19083,329,HARDIN,19,IOWA
29163,329,PIKE,29,MISSOURI
13267,329,TATTNALL,13,GEORGIA
48069,329,CASTRO,48,TEXAS
21011,328,BATH,21,KENTUCKY
19141,327,O BRIEN,19,IOWA
16079,327,SHOSHONE,16,IDAHO
48371,326,PECOS,48,TEXAS
28041,326,GREENE,28,MISSISSIPPI
27057,325,HUBBARD,27,MINNESOTA
22127,325,WINN,22,LOUISIANA
02261,325,VALDEZ CORDOVA,02,ALASKA
27043,325,FARIBAULT,27,MINNESOTA
19047,324,CRAWFORD,19,IOWA
13273,324,TERRELL,13,GEORGIA
17061,324,GREENE,17,ILLINOIS
12045,323,GULF,12,FLORIDA
27113,323,PENNINGTON,27,MINNESOTA
31081,322,HAMILTON,31,NEBRASKA
13109,322,EVANS,13,GEORGIA
01091,322,MARENGO,01,ALABAMA
30043,321,JEFFERSON,30,MONTANA
21077,321,GALLATIN,21,KENTUCKY
21187,321,OWEN,21,KENTUCKY
28159,320,WINSTON,28,MISSISSIPPI
21223,320,TRIMBLE,21,KENTUCKY
19171,320,TAMA,19,IOWA
55007,320,BAYFIELD,55,WISCONSIN
48159,319,FRANKLIN,48,TEXAS
40099,319,MURRAY,40,OKLAHOMA
54025,319,GREENBRIER,54,WEST VIRGINIA
28069,317,KEMPER,28,MISSISSIPPI
39111,317,MONROE,39,OHIO
49015,317,EMERY,49,UTAH
38105,317,WILLIAMS,38,NORTH DAKOTA
27105,316,NOBLES,27,MINNESOTA
13023,314,BLECKLEY,13,GEORGIA
20133,314,NEOSHO,20,KANSAS
19027,314,CARROLL,19,IOWA
21155,313,MARION,21,KENTUCKY
48415,313,SCURRY,48,TEXAS
48163,312,FRIO,48,TEXAS
13001,310,APPLING,13,GEORGIA
19101,310,JEFFERSON,19,IOWA
17181,310,UNION,17,ILLINOIS
05077,310,LEE,05,ARKANSAS
54091,309,TAYLOR,54,WEST VIRGINIA
13111,309,FANNIN,13,GEORGIA
48475,308,WARD,48,TEXAS
29065,308,DENT,29,MISSOURI
48387,308,RED RIVER,48,TEXAS
30009,307,CARBON,30,MONTANA
01035,307,CONECUH,01,ALABAMA
23021,306,PISCATAQUIS,23,MAINE
05141,306,VAN BUREN,05,ARKANSAS
51077,305,GRAYSON,51,VIRGINIA
46005,305,BEADLE,46,SOUTH DAKOTA
51037,305,CHARLOTTE,51,VIRGINIA
37143,304,PERQUIMANS,37,NORTH CAROLINA
12047,304,HAMILTON,12,FLORIDA
29123,304,MADISON,29,MISSOURI
28135,304,TALLAHATCHIE,28,MISSISSIPPI
48403,303,SABINE,48,TEXAS
49023,303,JUAB,49,UTAH
51183,303,SUSSEX,51,VIRGINIA
21139,302,LIVINGSTON,21,KENTUCKY
19145,301,PAGE,19,IOWA
21133,300,LETCHER,21,KENTUCKY
17025,299,CLAY,17,ILLINOIS
05001,298,ARKANSAS,05,ARKANSAS
29089,297,HOWARD,29,MISSOURI
51011,297,APPOMATTOX,51,VIRGINIA
16015,297,BOISE,16,IDAHO
21197,297,POWELL,21,KENTUCKY
26113,296,MISSAUKEE,26,MICHIGAN
08099,296,PROWERS,08,COLORADO
55119,296,TAYLOR,55,WISCONSIN
13049,294,CHARLTON,13,GEORGIA
18171,294,WARREN,18,INDIANA
29117,293,LIVINGSTON,29,MISSOURI
16009,293,BENEWAH,16,IDAHO
26085,293,LAKE,26,MICHIGAN
20115,292,MARION,20,KANSAS
40011,292,BLAINE,40,OKLAHOMA
37173,292,SWAIN,37,NORTH CAROLINA
55003,292,ASHLAND,55,WISCONSIN
20001,291,ALLEN,20,KANSAS
13319,291,WILKINSON,13,GEORGIA
48107,291,CROSBY,48,TEXAS
51057,291,ESSEX,51,VIRGINIA
01131,291,WILCOX,01,ALABAMA
51141,290,PATRICK,51,VIRGINIA
47161,290,STEWART,47,TENNESSEE
27091,290,MARTIN,27,MINNESOTA
40139,288,TEXAS,40,OKLAHOMA
40095,288,MARSHALL,40,OKLAHOMA
39163,287,VINTON,39,OHIO
30053,287,LINCOLN,30,MONTANA
54041,287,LEWIS,54,WEST VIRGINIA
54103,285,WETZEL,54,WEST VIRGINIA
46019,285,BUTTE,46,SOUTH DAKOTA
54001,284,BARBOUR,54,WEST VIRGINIA
49029,284,MORGAN,49,UTAH
26061,284,HOUGHTON,26,MICHIGAN
26097,284,MACKINAC,26,MICHIGAN
01011,284,BULLOCK,01,ALABAMA
54097,283,UPSHUR,54,WEST VIRGINIA
13043,283,CANDLER,13,GEORGIA
37029,283,CAMDEN,37,NORTH CAROLINA
31185,282,YORK,31,NEBRASKA
51071,282,GILES,51,VIRGINIA
27127,282,REDWOOD,27,MINNESOTA
27159,282,WADENA,27,MINNESOTA
21091,281,HANCOCK,21,KENTUCKY
05065,281,IZARD,05,ARKANSAS
21051,281,CLAY,21,KENTUCKY
15007,281,KAUAI,15,HAWAII
22025,280,CATAHOULA,22,LOUISIANA
42115,280,SUSQUEHANNA,42,PENNSYLVANIA
08071,279,LAS ANIMAS,08,COLORADO
28021,279,CLAIBORNE,28,MISSISSIPPI
16049,279,IDAHO,16,IDAHO
54109,279,WYOMING,54,WEST VIRGINIA
38071,279,RAMSEY,38,NORTH DAKOTA
37137,278,PAMLICO,37,NORTH CAROLINA
37113,278,MACON,37,NORTH CAROLINA
37199,278,YANCEY,37,NORTH CAROLINA
27001,277,AITKIN,27,MINNESOTA
50013,277,GRAND ISLE,50,VERMONT
19077,277,GUTHRIE,19,IOWA
51029,276,BUCKINGHAM,51,VIRGINIA
40061,276,HASKELL,40,OKLAHOMA
13251,275,SCREVEN,13,GEORGIA
54067,274,NICHOLAS,54,WEST VIRGINIA
13105,273,ELBERT,13,GEORGIA
28111,273,PERRY,28,MISSISSIPPI
29115,273,LINN,29,MISSOURI
29133,273,MISSISSIPPI,29,MISSOURI
54083,272,RANDOLPH,54,WEST VIRGINIA
12079,272,MADISON,12,FLORIDA
16035,272,CLEARWATER,16,IDAHO
37039,271,CHEROKEE,37,NORTH CAROLINA
48043,271,BREWSTER,48,TEXAS
18155,270,SWITZERLAND,18,INDIANA
05133,270,SEVIER,05,ARKANSAS
19191,269,WINNESHIEK,19,IOWA
48487,269,WILBARGER,48,TEXAS
13305,268,WAYNE,13,GEORGIA
40005,268,ATOKA,40,OKLAHOMA
24023,268,GARRETT,24,MARYLAND
13291,268,UNION,13,GEORGIA
20205,268,WILSON,20,KANSAS
20013,268,BROWN,20,KANSAS
20107,268,LINN,20,KANSAS
41001,267,BAKER,41,OREGON
05079,266,LINCOLN,05,ARKANSAS
16087,266,WASHINGTON,16,IDAHO
19035,266,CHEROKEE,19,IOWA
30003,266,BIG HORN,30,MONTANA
17191,265,WAYNE,17,ILLINOIS
13099,265,EARLY,13,GEORGIA
19107,264,KEOKUK,19,IOWA
48031,264,BLANCO,48,TEXAS
19081,263,HANCOCK,19,IOWA
19039,263,CLARKE,19,IOWA
12013,262,CALHOUN,12,FLORIDA
21075,262,FULTON,21,KENTUCKY
22023,262,CAMERON,22,LOUISIANA
55107,261,RUSK,55,WISCONSIN
48003,261,ANDREWS,48,TEXAS
27167,260,WILKIN,27,MINNESOTA
31023,260,BUTLER,31,NEBRASKA
55113,260,SAWYER,55,WISCONSIN
40023,259,CHOCTAW,40,OKLAHOMA
19197,259,WRIGHT,19,IOWA
05095,259,MONROE,05,ARKANSAS
05049,258,FULTON,05,ARKANSAS
53055,257,SAN JUAN,53,WASHINGTON
05099,257,NEVADA,05,ARKANSAS
37121,257,MITCHELL,37,NORTH CAROLINA
51081,256,GREENSVILLE,51,VIRGINIA
47039,256,DECATUR,47,TENNESSEE
29173,255,RALLS,29,MISSOURI
22123,255,WEST CARROLL,22,LOUISIANA
48507,255,ZAVALA,48,TEXAS
54065,254,MORGAN,54,WEST VIRGINIA
08051,254,GUNNISON,08,COLORADO
19071,254,FREMONT,19,IOWA
37009,253,ASHE,37,NORTH CAROLINA
13253,253,SEMINOLE,13,GEORGIA
19069,252,FRANKLIN,19,IOWA
19075,252,GRUNDY,19,IOWA
20043,252,DONIPHAN,20,KANSAS
40069,251,JOHNSTON,40,OKLAHOMA
47169,250,TROUSDALE,47,TENNESSEE
28147,250,WALTHALL,28,MISSISSIPPI
40149,249,WASHITA,40,OKLAHOMA
08047,249,GILPIN,08,COLORADO
54031,249,HARDY,54,WEST VIRGINIA
19165,248,SHELBY,19,IOWA
21231,248,WAYNE,21,KENTUCKY
37187,248,WASHINGTON,37,NORTH CAROLINA
48445,248,TERRY,48,TEXAS
21229,247,WASHINGTON,21,KENTUCKY
05025,247,CLEVELAND,05,ARKANSAS
21149,246,MCLEAN,21,KENTUCKY
29057,246,DADE,29,MISSOURI
30095,246,STILLWATER,30,MONTANA
13209,245,MONTGOMERY,13,GEORGIA
17033,244,CRAWFORD,17,ILLINOIS
19029,244,CASS,19,IOWA
19067,244,FLOYD,19,IOWA
05109,244,PIKE,05,ARKANSAS
13271,244,TELFAIR,13,GEORGIA
16041,243,FRANKLIN,16,IDAHO
31145,242,RED WILLOW,31,NEBRASKA
08105,242,RIO GRANDE,08,COLORADO
40077,241,LATIMER,40,OKLAHOMA
48505,241,ZAPATA,48,TEXAS
51830,241,WILLIAMSBURG,51,VIRGINIA
01063,241,GREENE,01,ALABAMA
17159,240,RICHLAND,17,ILLINOIS
54087,240,ROANE,54,WEST VIRGINIA
17101,240,LAWRENCE,17,ILLINOIS
48093,239,COMANCHE,48,TEXAS
53059,239,SKAMANIA,53,WASHINGTON
01119,239,SUMTER,01,ALABAMA
22059,239,LA SALLE,22,LOUISIANA
47083,238,HOUSTON,47,TENNESSEE
29063,237,DE KALB,29,MISSOURI
02290,237,YUKON KOYUKUK,02,ALASKA
51111,237,LUNENBURG,51,VIRGINIA
29153,237,OZARK,29,MISSOURI
35007,237,COLFAX,35,NEW MEXICO
05101,237,NEWTON,05,ARKANSAS
37073,236,GATES,37,NORTH CAROLINA
21031,235,BUTLER,21,KENTUCKY
56015,235,GOSHEN,56,WYOMING
53019,235,FERRY,53,WASHINGTON
28155,235,WEBSTER,28,MISSISSIPPI
37041,234,CHOWAN,37,NORTH CAROLINA
45065,233,MCCORMICK,45,SOUTH CAROLINA
55099,233,PRICE,55,WISCONSIN
17193,233,WHITE,17,ILLINOIS
17185,233,WABASH,17,ILLINOIS
13193,232,MACON,13,GEORGIA
12123,231,TAYLOR,12,FLORIDA
48237,231,JACK,48,TEXAS
05117,230,PRAIRIE,05,ARKANSAS
13173,229,LANIER,13,GEORGIA
20031,229,COFFEY,20,KANSAS
48255,228,KARNES,48,TEXAS
06105,228,TRINITY,06,CALIFORNIA
48297,228,LIVE OAK,48,TEXAS
29137,228,MONROE,29,MISSOURI
21007,228,BALLARD,21,KENTUCKY
30087,228,ROSEBUD,30,MONTANA
17127,228,MASSAC,17,ILLINOIS
19059,227,DICKINSON,19,IOWA
54105,226,WIRT,54,WEST VIRGINIA
48305,226,LYNN,48,TEXAS
51119,225,MIDDLESEX,51,VIRGINIA
17155,225,PUTNAM,17,ILLINOIS
17003,224,ALEXANDER,17,ILLINOIS
54089,224,SUMMERS,54,WEST VIRGINIA
51049,224,CUMBERLAND,51,VIRGINIA
38055,223,MCLEAN,38,NORTH DAKOTA
19119,223,LYON,19,IOWA
42073,223,LAWRENCE,42,PENNSYLVANIA
35051,223,SIERRA,35,NEW MEXICO
28097,223,MONTGOMERY,28,MISSISSIPPI
01105,223,PERRY,01,ALABAMA
18115,222,OHIO,18,INDIANA
48153,222,FLOYD,48,TEXAS
29151,222,OSAGE,29,MISSOURI
40075,221,KIOWA,40,OKLAHOMA
48065,220,CARSON,48,TEXAS
48193,220,HAMILTON,48,TEXAS
21069,220,FLEMING,21,KENTUCKY
21023,219,BRACKEN,21,KENTUCKY
48047,218,BROOKS,48,TEXAS
47101,218,LEWIS,47,TENNESSEE
19025,218,CALHOUN,19,IOWA
47061,217,GRUNDY,47,TENNESSEE
31137,217,PHELPS,31,NEBRASKA
21109,217,JACKSON,21,KENTUCKY
13303,217,WASHINGTON,13,GEORGIA
47007,216,BLEDSOE,47,TENNESSEE
27135,216,ROSEAU,27,MINNESOTA
22081,215,RED RIVER,22,LOUISIANA
47153,214,SEQUATCHIE,47,TENNESSEE
13191,214,MCINTOSH,13,GEORGIA
19001,214,ADAIR,19,IOWA
46125,214,TURNER,46,SOUTH DAKOTA
02185,214,NORTH SLOPE,02,ALASKA
38099,214,WALSH,38,NORTH DAKOTA
53043,213,LINCOLN,53,WASHINGTON
01023,213,CHOCTAW,01,ALABAMA
16085,212,VALLEY,16,IDAHO
40085,212,LOVE,40,OKLAHOMA
31027,211,CEDAR,31,NEBRASKA
48495,211,WINKLER,48,TEXAS
51051,210,DICKENSON,51,VIRGINIA
29061,210,DAVIESS,29,MISSOURI
28053,210,HUMPHREYS,28,MISSISSIPPI
51005,210,ALLEGHANY,51,VIRGINIA
19073,209,GREENE,19,IOWA
20003,208,ANDERSON,20,KANSAS
35037,208,QUAY,35,NEW MEXICO
21171,208,MONROE,21,KENTUCKY
46079,208,LAKE,46,SOUTH DAKOTA
48437,208,SWISHER,48,TEXAS
08055,207,HUERFANO,08,COLORADO
51159,207,RICHMOND,51,VIRGINIA
22065,206,MADISON,22,LOUISIANA
51620,206,FRANKLIN,51,VIRGINIA
48399,206,RUNNELS,48,TEXAS
47095,206,LAKE,47,TENNESSEE
20159,206,RICE,20,KANSAS
48425,206,SOMERVELL,48,TEXAS
19189,205,WINNEBAGO,19,IOWA
21131,205,LESLIE,21,KENTUCKY
17071,204,HENDERSON,17,ILLINOIS
48405,204,SAN AUGUSTINE,48,TEXAS
30035,204,GLACIER,30,MONTANA
28119,202,QUITMAN,28,MISSISSIPPI
13235,201,PULASKI,13,GEORGIA
16081,200,TETON,16,IDAHO
13161,200,JEFF DAVIS,13,GEORGIA
21221,199,TRIGG,21,KENTUCKY
47151,199,SCOTT,47,TENNESSEE
25007,199,DUKES,25,MASSACHUSETTS
51103,198,LANCASTER,51,VIRGINIA
29181,198,RIPLEY,29,MISSOURI
19063,198,EMMET,19,IOWA
42117,198,TIOGA,42,PENNSYLVANIA
48335,198,MITCHELL,48,TEXAS
42039,197,CRAWFORD,42,PENNSYLVANIA
38079,197,ROLETTE,38,NORTH DAKOTA
19037,196,CHICKASAW,19,IOWA
51181,196,SURRY,51,VIRGINIA
13317,196,WILKES,13,GEORGIA
27121,196,POPE,27,MINNESOTA
05011,196,BRADLEY,05,ARKANSAS
13287,196,TURNER,13,GEORGIA
05073,195,LAFAYETTE,05,ARKANSAS
27089,195,MARSHALL,27,MINNESOTA
49025,195,KANE,49,UTAH
17079,195,JASPER,17,ILLINOIS
13167,195,JOHNSON,13,GEORGIA
29033,194,CARROLL,29,MISSOURI
27133,194,ROCK,27,MINNESOTA
40033,193,COTTON,40,OKLAHOMA
46113,193,SHANNON,46,SOUTH DAKOTA
39121,193,NOBLE,39,OHIO
05039,193,DALLAS,05,ARKANSAS
13005,193,BACON,13,GEORGIA
18161,192,UNION,18,INDIANA
27151,191,SWIFT,27,MINNESOTA
26001,191,ALCONA,26,MICHIGAN
19137,191,MONTGOMERY,19,IOWA
13181,190,LINCOLN,13,GEORGIA
42051,190,FAYETTE,42,PENNSYLVANIA
27165,190,WATONWAN,27,MINNESOTA
51115,189,MATHEWS,51,VIRGINIA
19175,189,UNION,19,IOWA
20095,189,KINGMAN,20,KANSAS
46109,189,ROBERTS,46,SOUTH DAKOTA
16063,188,LINCOLN,16,IDAHO
31039,188,CUMING,31,NEBRASKA
20197,188,WABAUNSEE,20,KANSAS
47181,188,WAYNE,47,TENNESSEE
21127,187,LAWRENCE,21,KENTUCKY
12037,187,FRANKLIN,12,FLORIDA
54085,187,RITCHIE,54,WEST VIRGINIA
08081,185,MOFFAT,08,COLORADO
29125,185,MARIES,29,MISSOURI
40093,185,MAJOR,40,OKLAHOMA
29185,184,ST CLAIR,29,MISSOURI
21135,184,LEWIS,21,KENTUCKY
56043,184,WASHAKIE,56,WYOMING
22035,184,EAST CARROLL,22,LOUISIANA
27075,184,LAKE,27,MINNESOTA
31093,183,HOWARD,31,NEBRASKA
29149,183,OREGON,29,MISSOURI
56031,183,PLATTE,56,WYOMING
26141,183,PRESQUE ISLE,26,MICHIGAN
54023,183,GRANT,54,WEST VIRGINIA
28019,183,CHOCTAW,28,MISSISSIPPI
50009,183,ESSEX,50,VERMONT
49001,182,BEAVER,49,UTAH
48127,182,DIMMIT,48,TEXAS
29041,182,CHARITON,29,MISSOURI
13165,181,JENKINS,13,GEORGIA
19053,181,DECATUR,19,IOWA
16021,181,BOUNDARY,16,IDAHO
20143,180,OTTAWA,20,KANSAS
13003,180,ATKINSON,13,GEORGIA
19117,180,LUCAS,19,IOWA
04011,180,GREENLEE,04,ARIZONA
40151,180,WOODS,40,OKLAHOMA
17149,179,PIKE,17,ILLINOIS
21169,179,METCALFE,21,KENTUCKY
18101,178,MARTIN,18,INDIANA
48119,176,DELTA,48,TEXAS
46033,176,CUSTER,46,SOUTH DAKOTA
47091,176,JOHNSON,47,TENNESSEE
51131,175,NORTHAMPTON,51,VIRGINIA
40141,175,TILLMAN,40,OKLAHOMA
08065,175,LAKE,08,COLORADO
31021,174,BURT,31,NEBRASKA
31045,174,DAWES,31,NEBRASKA
31041,174,CUSTER,31,NEBRASKA
29223,173,WAYNE,29,MISSOURI
28125,173,SHARKEY,28,MISSISSIPPI
54015,172,CLAY,54,WEST VIRGINIA
51157,172,RAPPAHANNOCK,51,VIRGINIA
27107,172,NORMAN,27,MINNESOTA
32033,172,WHITE PINE,32,NEVADA
31127,172,NEMAHA,31,NEBRASKA
31173,172,THURSTON,31,NEBRASKA
29079,171,GRUNDY,29,MISSOURI
31099,171,KEARNEY,31,NEBRASKA
54063,170,MONROE,54,WEST VIRGINIA
20151,169,PRATT,20,KANSAS
21143,169,LYON,21,KENTUCKY
17153,169,PULASKI,17,ILLINOIS
49019,169,GRAND,49,UTAH
51530,169,BUENA VISTA,51,VIRGINIA
13201,167,MILLER,13,GEORGIA
35023,167,HIDALGO,35,NEW MEXICO
26039,166,CRAWFORD,26,MICHIGAN
17047,166,EDWARDS,17,ILLINOIS
19005,166,ALLAMAKEE,19,IOWA
13301,165,WARREN,13,GEORGIA
47127,165,MOORE,47,TENNESSEE
13197,165,MARION,13,GEORGIA
17175,165,STARK,17,ILLINOIS
17171,165,SCOTT,17,ILLINOIS
38057,164,MERCER,38,NORTH DAKOTA
20029,164,CLOUD,20,KANSAS
08103,163,RIO BLANCO,08,COLORADO
51133,163,NORTHUMBERLAND,51,VIRGINIA
47049,163,FENTRESS,47,TENNESSEE
54073,162,PLEASANTS,54,WEST VIRGINIA
20069,162,GRAY,20,KANSAS
20027,162,CLAY,20,KANSAS
31139,161,PIERCE,31,NEBRASKA
55078,161,MENOMINEE,55,WISCONSIN
02016,161,ALEUTIANS WEST,02,ALASKA
08113,161,SAN MIGUEL,08,COLORADO
46041,161,DEWEY,46,SOUTH DAKOTA
31121,159,MERRICK,31,NEBRASKA
05147,159,WOODRUFF,05,ARKANSAS
45005,159,ALLENDALE,45,SOUTH CAROLINA
22021,159,CALDWELL,22,LOUISIANA
56003,159,BIG HORN,56,WYOMING
29111,159,LEWIS,29,MISSOURI
27063,158,JACKSON,27,MINNESOTA
38003,158,BARNES,38,NORTH DAKOTA
19161,158,SAC,19,IOWA
27101,157,MURRAY,27,MINNESOTA
31013,157,BOX BUTTE,31,NEBRASKA
55091,157,PEPIN,55,WISCONSIN
13263,156,TALBOT,13,GEORGIA
26119,156,MONTMORENCY,26,MICHIGAN
53013,155,COLUMBIA,53,WASHINGTON
30027,155,FERGUS,30,MONTANA
31051,155,DIXON,31,NEBRASKA
29085,154,HICKORY,29,MISSOURI
38097,154,TRAILL,38,NORTH DAKOTA
56019,153,JOHNSON,56,WYOMING
48429,153,STEPHENS,48,TEXAS
19135,153,MONROE,19,IOWA
31179,153,WAYNE,31,NEBRASKA
28157,153,WILKINSON,28,MISSISSIPPI
13141,153,HANCOCK,13,GEORGIA
38049,153,MCHENRY,38,NORTH DAKOTA
19195,153,WORTH,19,IOWA
51105,152,LEE,51,VIRGINIA
20131,152,NEMAHA,20,KANSAS
37043,152,CLAY,37,NORTH CAROLINA
51097,152,KING AND QUEEN,51,VIRGINIA
19109,151,KOSSUTH,19,IOWA
27029,150,CLEARWATER,27,MINNESOTA
42083,149,MCKEAN,42,PENNSYLVANIA
05097,149,MONTGOMERY,05,ARKANSAS
27033,149,COTTONWOOD,27,MINNESOTA
30089,149,SANDERS,30,MONTANA
40007,148,BEAVER,40,OKLAHOMA
29103,148,KNOX,29,MISSOURI
13241,148,RABUN,13,GEORGIA
21147,147,MCCREARY,21,KENTUCKY
19133,146,MONONA,19,IOWA
46101,146,MOODY,46,SOUTH DAKOTA
40127,146,PUSHMATAHA,40,OKLAHOMA
16077,146,POWER,16,IDAHO
26053,145,GOGEBIC,26,MICHIGAN
21207,145,RUSSELL,21,KENTUCKY
31095,144,JEFFERSON,31,NEBRASKA
27173,144,YELLOW MEDICINE,27,MINNESOTA
28063,143,JEFFERSON,28,MISSISSIPPI
37005,143,ALLEGHANY,37,NORTH CAROLINA
48317,143,MARTIN,48,TEXAS
22107,143,TENSAS,22,LOUISIANA
20073,142,GREENWOOD,20,KANSAS
42059,141,GREENE,42,PENNSYLVANIA
21025,141,BREATHITT,21,KENTUCKY
12077,141,LIBERTY,12,FLORIDA
40053,140,GRANT,40,OKLAHOMA
48083,140,COLEMAN,48,TEXAS
08125,140,YUMA,08,COLORADO
05013,139,CALHOUN,05,ARKANSAS
42123,138,WARREN,42,PENNSYLVANIA
30073,138,PONDERA,30,MONTANA
27071,137,KOOCHICHING,27,MINNESOTA
35033,137,MORA,35,NEW MEXICO
55041,137,FOREST,55,WISCONSIN
46117,137,STANLEY,46,SOUTH DAKOTA
46087,137,MCCOOK,46,SOUTH DAKOTA
29035,136,CARTER,29,MISSOURI
51720,136,NORTON,51,VIRGINIA
51515,135,BEDFORD,51,VIRGINIA
19089,135,HOWARD,19,IOWA
19177,134,VAN BUREN,19,IOWA
48017,134,BAILEY,48,TEXAS
47027,133,CLAY,47,TENNESSEE
20117,132,MARSHALL,20,KANSAS
30001,132,BEAVERHEAD,30,MONTANA
13269,132,TAYLOR,13,GEORGIA
29205,132,SHELBY,29,MISSOURI
30099,131,TETON,30,MONTANA
54007,131,BRAXTON,54,WEST VIRGINIA
27051,131,GRANT,27,MINNESOTA
27117,131,PIPESTONE,27,MINNESOTA
19147,131,PALO ALTO,19,IOWA
31035,130,CLAY,31,NEBRASKA
42021,130,CAMBRIA,42,PENNSYLVANIA
31003,129,ANTELOPE,31,NEBRASKA
21159,129,MARTIN,21,KENTUCKY
48235,129,IRION,48,TEXAS
21055,129,CRITTENDEN,21,KENTUCKY
02240,128,SOUTHEAST FAIRBANKS,02,ALASKA
31059,128,FILLMORE,31,NEBRASKA
30017,128,CUSTER,30,MONTANA
16061,128,LEWIS,16,IDAHO
40003,128,ALFALFA,40,OKLAHOMA
26071,127,IRON,26,MICHIGAN
48391,126,REFUGIO,48,TEXAS
46051,126,GRANT,46,SOUTH DAKOTA
48207,126,HASKELL,48,TEXAS
38067,126,PEMBINA,38,NORTH DAKOTA
54095,126,TYLER,54,WEST VIRGINIA
19091,126,HUMBOLDT,19,IOWA
26003,126,ALGER,26,MICHIGAN
31143,126,POLK,31,NEBRASKA
19173,125,TAYLOR,19,IOWA
38061,125,MOUNTRAIL,38,NORTH DAKOTA
49017,125,GARFIELD,49,UTAH
46057,125,HAMLIN,46,SOUTH DAKOTA
08025,125,CROWLEY,08,COLORADO
20019,124,CHAUTAUQUA,20,KANSAS
08007,124,ARCHULETA,08,COLORADO
13037,124,CALHOUN,13,GEORGIA
46009,124,BON HOMME,46,SOUTH DAKOTA
31101,124,KEITH,31,NEBRASKA
30023,123,DEER LODGE,30,MONTANA
19007,123,APPANOOSE,19,IOWA
29075,122,GENTRY,29,MISSOURI
48079,122,COCHRAN,48,TEXAS
54017,121,DODDRIDGE,54,WEST VIRGINIA
30083,121,RICHLAND,30,MONTANA
13281,120,TOWNS,13,GEORGIA
02188,119,NORTHWEST ARCTIC,02,ALASKA
31089,118,HOLT,31,NEBRASKA
02220,117,SITKA,02,ALASKA
21039,117,CARLISLE,21,KENTUCKY
41037,117,LAKE,41,OREGON
38085,117,SIOUX,38,NORTH DAKOTA
46067,116,HUTCHINSON,46,SOUTH DAKOTA
13315,116,WILCOX,13,GEORGIA
32027,115,PERSHING,32,NEVADA
35019,115,GUADALUPE,35,NEW MEXICO
16003,115,ADAMS,16,IDAHO
17009,114,BROWN,17,ILLINOIS
08021,114,CONEJOS,08,COLORADO
31123,114,MORRILL,31,NEBRASKA
19051,113,DAVIS,19,IOWA
17065,113,HAMILTON,17,ILLINOIS
27125,112,RED LAKE,27,MINNESOTA
31033,112,CHEYENNE,31,NEBRASKA
48359,112,OLDHAM,48,TEXAS
13309,112,WHEELER,13,GEORGIA
31147,111,RICHARDSON,31,NEBRASKA
02180,111,NOME,02,ALASKA
38005,111,BENSON,38,NORTH DAKOTA
21053,111,CLINTON,21,KENTUCKY
48357,110,OCHILTREE,48,TEXAS
21181,109,NICHOLAS,21,KENTUCKY
06091,109,SIERRA,06,CALIFORNIA
31065,109,FURNAS,31,NEBRASKA
46023,109,CHARLES MIX,46,SOUTH DAKOTA
19151,109,POCAHONTAS,19,IOWA
13007,108,BAKER,13,GEORGIA
55037,108,FLORENCE,55,WISCONSIN
19093,107,IDA,19,IOWA
30077,107,POWELL,30,MONTANA
26013,107,BARAGA,26,MICHIGAN
12067,106,LAFAYETTE,12,FLORIDA
56011,106,CROOK,56,WYOMING
21105,106,HICKMAN,21,KENTUCKY
40067,105,JEFFERSON,40,OKLAHOMA
47175,105,VAN BUREN,47,TENNESSEE
13053,104,CHATTAHOOCHEE,13,GEORGIA
48081,103,COKE,48,TEXAS
20145,103,PAWNEE,20,KANSAS
02270,102,WADE HAMPTON,02,ALASKA
20077,102,HARPER,20,KANSAS
46123,102,TRIPP,46,SOUTH DAKOTA
28103,101,NOXUBEE,28,MISSISSIPPI
06049,101,MODOC,06,CALIFORNIA
16029,100,CARIBOU,16,IDAHO
38053,100,MCKENZIE,38,NORTH DAKOTA
48111,100,DALLAM,48,TEXAS
55051,100,IRON,55,WISCONSIN
46039,99,DEUEL,46,SOUTH DAKOTA
48501,98,YOAKUM,48,TEXAS
47135,98,PERRY,47,TENNESSEE
21165,98,MENIFEE,21,KENTUCKY
20093,98,KEARNY,20,KANSAS
48283,97,LA SALLE,48,TEXAS
29045,97,CLARK,29,MISSOURI
21153,95,MAGOFFIN,21,KENTUCKY
13283,95,TREUTLEN,13,GEORGIA
38073,95,RANSOM,38,NORTH DAKOTA
21129,95,LEE,21,KENTUCKY
38081,94,SARGENT,38,NORTH DAKOTA
46047,94,FALL RIVER,46,SOUTH DAKOTA
27149,93,STEVENS,27,MINNESOTA
02068,93,DENALI,02,ALASKA
20127,92,MORRIS,20,KANSAS
51580,92,COVINGTON,51,VIRGINIA
40029,92,COAL,40,OKLAHOMA
20123,90,MITCHELL,20,KANSAS
30005,90,BLAINE,30,MONTANA
20067,90,GRANT,20,KANSAS
29203,90,SHANNON,29,MISSOURI
13101,89,ECHOLS,13,GEORGIA
48483,89,WHEELER,48,TEXAS
17059,89,GALLATIN,17,ILLINOIS
13065,88,CLINCH,13,GEORGIA
48229,88,HUDSPETH,48,TEXAS
51045,88,CRAIG,51,VIRGINIA
48151,88,FISHER,48,TEXAS
19185,88,WAYNE,19,IOWA
17169,88,SCHUYLER,17,ILLINOIS
29211,88,SULLIVAN,29,MISSOURI
29087,88,HOLT,29,MISSOURI
54021,87,GILMER,54,WEST VIRGINIA
46037,87,DAY,46,SOUTH DAKOTA
20053,87,ELLSWORTH,20,KANSAS
08011,87,BENT,08,COLORADO
48275,86,KNOX,48,TEXAS
46077,86,KINGSBURY,46,SOUTH DAKOTA
48103,86,CRANE,48,TEXAS
53069,86,WAHKIAKUM,53,WASHINGTON
30061,85,MINERAL,30,MONTANA
32017,85,LINCOLN,32,NEVADA
28037,85,FRANKLIN,28,MISSISSIPPI
46115,85,SPINK,46,SOUTH DAKOTA
13259,84,STEWART,13,GEORGIA
31167,83,STANTON,31,NEBRASKA
17151,83,POPE,17,ILLINOIS
19143,83,OSCEOLA,19,IOWA
48095,83,CONCHO,48,TEXAS
32021,82,MINERAL,32,NEVADA
38009,82,BOTTINEAU,38,NORTH DAKOTA
25019,81,NANTUCKET,25,MASSACHUSETTS
54093,81,TUCKER,54,WEST VIRGINIA
19009,80,AUDUBON,19,IOWA
19131,80,MITCHELL,19,IOWA
48129,80,DONLEY,48,TEXAS
21175,80,MORGAN,21,KENTUCKY
30065,79,MUSSELSHELL,30,MONTANA
08027,79,CUSTER,08,COLORADO
31107,79,KNOX,31,NEBRASKA
21063,79,ELLIOTT,21,KENTUCKY
51021,79,BLAND,51,VIRGINIA
26095,79,LUCE,26,MICHIGAN
48169,78,GARZA,48,TEXAS
08073,78,LINCOLN,08,COLORADO
46121,78,TODD,46,SOUTH DAKOTA
46045,78,EDMUNDS,46,SOUTH DAKOTA
32015,78,LANDER,32,NEVADA
13249,78,SCHLEY,13,GEORGIA
17013,77,CALHOUN,17,ILLINOIS
38103,77,WELLS,38,NORTH DAKOTA
08121,77,WASHINGTON,08,COLORADO
51017,77,BATH,51,VIRGINIA
48461,76,UPTON,48,TEXAS
48385,76,REAL,48,TEXAS
05129,76,SEARCY,05,ARKANSAS
27031,76,COOK,27,MINNESOTA
29171,75,PUTNAM,29,MISSOURI
47067,75,HANCOCK,47,TENNESSEE
20193,75,THOMAS,20,KANSAS
42111,74,SOMERSET,42,PENNSYLVANIA
42105,74,POTTER,42,PENNSYLVANIA
20167,74,RUSSELL,20,KANSAS
20185,73,STAFFORD,20,KANSAS
40043,73,DEWEY,40,OKLAHOMA
47137,73,PICKETT,47,TENNESSEE
30007,73,BROADWATER,30,MONTANA
38075,72,RENVILLE,38,NORTH DAKOTA
31097,72,JOHNSON,31,NEBRASKA
46061,72,HANSON,46,SOUTH DAKOTA
02232,71,SKAGWAY-HOONAH-ANGOON,02,ALASKA
27087,71,MAHNOMEN,27,MINNESOTA
38063,71,NELSON,38,NORTH DAKOTA
29197,70,SCHUYLER,29,MISSOURI
46025,70,CLARK,46,SOUTH DAKOTA
30101,70,TOOLE,30,MONTANA
38019,70,CAVALIER,38,NORTH DAKOTA
48197,70,HARDEMAN,48,TEXAS
42127,69,WAYNE,42,PENNSYLVANIA
30021,68,DAWSON,30,MONTANA
02070,67,DILLINGHAM,02,ALASKA
54071,67,PENDLETON,54,WEST VIRGINIA
56017,67,HOT SPRINGS,56,WYOMING
42009,67,BEDFORD,42,PENNSYLVANIA
02201,66,PRINCE OF WALES OUTER,02,ALASKA
21237,66,WOLFE,21,KENTUCKY
38041,66,HETTINGER,38,NORTH DAKOTA
16071,65,ONEIDA,16,IDAHO
48011,65,ARMSTRONG,48,TEXAS
41023,65,GRANT,41,OREGON
31061,65,FRANKLIN,31,NEBRASKA
20129,64,MORTON,20,KANSAS
54101,64,WEBSTER,54,WEST VIRGINIA
30057,64,MADISON,30,MONTANA
38029,64,EMMONS,38,NORTH DAKOTA
48173,63,GLASSCOCK,48,TEXAS
27081,63,LINCOLN,27,MINNESOTA
30105,63,VALLEY,30,MONTANA
54075,61,POCAHONTAS,54,WEST VIRGINIA
48417,61,SHACKELFORD,48,TEXAS
38045,61,LA MOURE,38,NORTH DAKOTA
48307,60,MCCULLOCH,48,TEXAS
48413,59,SCHLEICHER,48,TEXAS
31011,59,BOONE,31,NEBRASKA
31129,59,NUCKOLLS,31,NEBRASKA
42057,59,FULTON,42,PENNSYLVANIA
31083,58,HARLAN,31,NEBRASKA
20049,58,ELK,20,KANSAS
08091,58,OURAY,08,COLORADO
42075,58,LEBANON,42,PENNSYLVANIA
29081,58,HARRISON,29,MISSOURI
30097,57,SWEET GRASS,30,MONTANA
46085,56,LYMAN,46,SOUTH DAKOTA
13239,55,QUITMAN,13,GEORGIA
41063,55,WALLOWA,41,OREGON
37075,55,GRAHAM,37,NORTH CAROLINA
31163,55,SHERMAN,31,NEBRASKA
46015,55,BRULE,46,SOUTH DAKOTA
30015,55,CHOUTEAU,30,MONTANA
48411,54,SAN SABA,48,TEXAS
48205,54,HARTLEY,48,TEXAS
17069,54,HARDIN,17,ILLINOIS
30039,54,GRANITE,30,MONTANA
20105,53,LINCOLN,20,KANSAS
20165,53,RUSH,20,KANSAS
29179,53,REYNOLDS,29,MISSOURI
08063,53,KIT CARSON,08,COLORADO
38069,53,PIERCE,38,NORTH DAKOTA
54013,52,CALHOUN,54,WEST VIRGINIA
31125,52,NANCE,31,NEBRASKA
16059,52,LEMHI,16,IDAHO
06003,52,ALPINE,06,CALIFORNIA
20171,52,SCOTT,20,KANSAS
40045,52,ELLIS,40,OKLAHOMA
21057,51,CUMBERLAND,21,KENTUCKY
56045,51,WESTON,56,WYOMING
38025,51,DUNN,38,NORTH DAKOTA
40055,51,GREER,40,OKLAHOMA
36041,51,HAMILTON,36,NEW YORK
32011,51,EUREKA,32,NEVADA
31087,50,HITCHCOCK,31,NEBRASKA
38043,49,KIDDER,38,NORTH DAKOTA
31181,49,WEBSTER,31,NEBRASKA
46031,48,CORSON,46,SOUTH DAKOTA
31169,48,THAYER,31,NEBRASKA
41055,48,SHERMAN,41,OREGON
48383,47,REAGAN,48,TEXAS
48421,47,SHERMAN,48,TEXAS
41025,47,HARNEY,41,OREGON
02013,47,ALEUTIANS EAST,02,ALASKA
48247,46,JIM HOGG,48,TEXAS
48435,46,SUTTON,48,TEXAS
48105,46,CROCKETT,48,TEXAS
31133,46,PAWNEE,31,NEBRASKA
26131,45,ONTONAGON,26,MICHIGAN
56035,45,SUBLETTE,56,WYOMING
29199,45,SCOTLAND,29,MISSOURI
38031,45,FOSTER,38,NORTH DAKOTA
27073,45,LAC QUI PARLE,27,MINNESOTA
08095,44,PHILLIPS,08,COLORADO
13243,44,RANDOLPH,13,GEORGIA
13307,44,WEBSTER,13,GEORGIA
20163,44,ROOKS,20,KANSAS
26135,44,OSCODA,26,MICHIGAN
20181,44,SHERMAN,20,KANSAS
16007,43,BEAR LAKE,16,IDAHO
31063,43,FRONTIER,31,NEBRASKA
26083,43,KEWEENAW,26,MICHIGAN
46111,43,SANBORN,46,SOUTH DAKOTA
49033,43,RICH,49,UTAH
38021,42,DICKEY,38,NORTH DAKOTA
20081,42,HASKELL,20,KANSAS
31073,42,GOSPER,31,NEBRASKA
48195,42,HANSFORD,48,TEXAS
30085,42,ROOSEVELT,30,MONTANA
31161,41,SHERIDAN,31,NEBRASKA
48271,41,KINNEY,48,TEXAS
46129,41,WALWORTH,46,SOUTH DAKOTA
31031,41,CHERRY,31,NEBRASKA
40129,40,ROGER MILLS,40,OKLAHOMA
31175,40,VALLEY,31,NEBRASKA
37095,39,HYDE,37,NORTH CAROLINA
37177,39,TYRRELL,37,NORTH CAROLINA
20207,39,WOODSON,20,KANSAS
48023,38,BAYLOR,48,TEXAS
48267,38,KIMBLE,48,TEXAS
20007,36,BARBER,20,KANSAS
20025,36,CLARK,20,KANSAS
08033,36,DOLORES,08,COLORADO
46003,36,AURORA,46,SOUTH DAKOTA
20065,35,GRAHAM,20,KANSAS
26153,35,SCHOOLCRAFT,26,MICHIGAN
48075,35,CHILDRESS,48,TEXAS
13125,35,GLASCOCK,13,GEORGIA
19003,35,ADAMS,19,IOWA
38037,35,GRANT,38,NORTH DAKOTA
20017,35,CHASE,20,KANSAS
42107,34,SCHUYLKILL,42,PENNSYLVANIA
30071,34,PHILLIPS,30,MONTANA
46089,33,MCPHERSON,46,SOUTH DAKOTA
35011,33,DE BACA,35,NEW MEXICO
29005,33,ATCHISON,29,MISSOURI
08061,33,KIOWA,08,COLORADO
16037,32,CUSTER,16,IDAHO
05137,32,STONE,05,ARKANSAS
48087,32,COLLINGSWORTH,48,TEXAS
20135,32,NESS,20,KANSAS
51678,32,LEXINGTON,51,VIRGINIA
20109,31,LOGAN,20,KANSAS
20119,31,MEADE,20,KANSAS
46137,31,ZIEBACH,46,SOUTH DAKOTA
27077,30,LAKE OF THE WOODS,27,MINNESOTA
38007,30,BILLINGS,38,NORTH DAKOTA
02280,30,WRANGELL PETERSBURG,02,ALASKA
42081,30,LYCOMING,42,PENNSYLVANIA
51640,29,GALAX,51,VIRGINIA
38065,29,OLIVER,38,NORTH DAKOTA
38013,29,BURKE,38,NORTH DAKOTA
46095,29,MELLETTE,46,SOUTH DAKOTA
40057,29,HARMON,40,OKLAHOMA
46055,28,HAAKON,46,SOUTH DAKOTA
48431,28,STERLING,48,TEXAS
30045,28,JUDITH BASIN,30,MONTANA
02060,28,BRISTOL BAY,02,ALASKA
29129,27,MERCER,29,MISSOURI
02164,27,LAKE AND PENINSULA,02,ALASKA
31113,27,LOGAN,31,NEBRASKA
42013,27,BLAIR,42,PENNSYLVANIA
46073,27,JERAULD,46,SOUTH DAKOTA
48109,26,CULBERSON,48,TEXAS
20157,26,REPUBLIC,20,KANSAS
48211,26,HEMPHILL,48,TEXAS
31077,26,GREELEY,31,NEBRASKA
48333,26,MILLS,48,TEXAS
51595,26,EMPORIA,51,VIRGINIA
48311,25,MCMULLEN,48,TEXAS
48295,25,LIPSCOMB,48,TEXAS
38051,25,MCINTOSH,38,NORTH DAKOTA
27011,25,BIG STONE,27,MINNESOTA
46007,24,BENNETT,46,SOUTH DAKOTA
21189,24,OWSLEY,21,KENTUCKY
49055,24,WAYNE,49,UTAH
38039,24,GRIGGS,38,NORTH DAKOTA
51091,24,HIGHLAND,51,VIRGINIA
35059,24,UNION,35,NEW MEXICO
31105,23,KIMBALL,31,NEBRASKA
20147,23,PHILLIPS,20,KANSAS
19159,23,RINGGOLD,19,IOWA
46053,23,GREGORY,46,SOUTH DAKOTA
02100,23,HAINES,02,ALASKA
31007,23,BANNER,31,NEBRASKA
20201,23,WASHINGTON,20,KANSAS
38095,23,TOWNER,38,NORTH DAKOTA
46043,22,DOUGLAS,46,SOUTH DAKOTA
42033,22,CLEARFIELD,42,PENNSYLVANIA
30019,21,DANIELS,30,MONTANA
48125,21,DICKENS,48,TEXAS
08057,21,JACKSON,08,COLORADO
13061,21,CLAY,13,GEORGIA
40059,21,HARPER,40,OKLAHOMA
13265,21,TALIAFERRO,13,GEORGIA
48137,20,EDWARDS,48,TEXAS
48191,20,HALL,48,TEXAS
20039,19,DECATUR,20,KANSAS
27069,19,KITTSON,27,MINNESOTA
08023,19,COSTILLA,08,COLORADO
21201,19,ROBERTSON,21,KENTUCKY
46071,19,JACKSON,46,SOUTH DAKOTA
20075,19,HAMILTON,20,KANSAS
20189,18,STEVENS,20,KANSAS
46097,18,MINER,46,SOUTH DAKOTA
46049,18,FAULK,46,SOUTH DAKOTA
08109,18,SAGUACHE,08,COLORADO
16023,17,BUTTE,16,IDAHO
38083,17,SHERIDAN,38,NORTH DAKOTA
20097,17,KIOWA,20,KANSAS
38091,17,STEELE,38,NORTH DAKOTA
42063,16,INDIANA,42,PENNSYLVANIA
35003,16,CATRON,35,NEW MEXICO
20089,16,JEWELL,20,KANSAS
20179,16,SHERIDAN,20,KANSAS
46021,15,CAMPBELL,46,SOUTH DAKOTA
30103,15,TREASURE,30,MONTANA
30091,15,SHERIDAN,30,MONTANA
20137,15,NORTON,20,KANSAS
42121,14,VENANGO,42,PENNSYLVANIA
30107,13,WHEATLAND,30,MONTANA
27155,12,TRAVERSE,27,MINNESOTA
46107,11,POTTER,46,SOUTH DAKOTA
